Time,Type,Trial,L Dia [mm],L Area [mm],R Dia [mm],R Area [mm],L POR X [px],L POR Y [px],R POR X [px],R POR Y [px],Trigger
554262330,SMP,1,4.66,4.84,4.84,4.84,92.6,648.54,79.27,648.36,0
554264326,SMP,1,4.48,4.66,4.84,4.84,85.06,647.05,84.3,648.73,0
554266315,SMP,1,4.48,4.84,4.66,4.66,90.84,637.12,84.77,649.84,0
554268347,SMP,1,4.48,4.66,4.84,4.84,92.67,646.09,86.87,651.19,0
554270343,SMP,1,4.48,4.66,4.66,4.84,93.5,645.28,80.71,647.83,0
554272343,SMP,1,4.48,4.84,4.84,4.84,92.53,637.37,77.12,638.98,0
554274349,SMP,1,4.48,4.84,4.66,4.84,90.33,639.73,83.57,647.69,0
554276341,SMP,1,4.48,4.84,4.66,4.66,90.0,648.35,87.46,645.02,0
554278343,SMP,1,4.48,5.01,4.84,4.66,94.19,656.61,82.89,647.2,0
554280341,SMP,1,4.48,4.84,4.66,4.84,88.58,634.09,77.35,643.48,0
554282339,SMP,1,4.48,4.84,4.66,4.84,89.78,645.13,77.29,638.67,0
554284341,SMP,1,4.66,4.84,4.84,4.66,89.48,641.97,81.47,640.79,0
554286340,SMP,1,4.48,5.01,4.66,4.66,90.9,643.06,78.58,641.29,0
554288345,SMP,1,4.48,4.84,4.84,4.84,88.01,639.89,77.63,640.81,0
554290342,SMP,1,4.48,4.84,4.66,4.66,90.01,645.54,78.92,640.0,0
554292344,SMP,1,4.48,4.84,4.66,4.84,98.03,640.62,81.71,644.41,0
554294343,SMP,1,4.48,4.84,4.66,4.84,92.84,638.99,75.69,641.62,0
554296343,SMP,1,4.48,4.66,4.84,4.84,97.03,652.95,83.07,646.11,0
554298356,SMP,1,4.48,4.84,4.66,4.48,83.35,642.24,76.63,644.72,0
554300351,SMP,1,4.48,4.84,4.66,4.84,90.03,646.31,85.85,649.73,0
554302351,SMP,1,4.48,4.84,4.84,4.84,98.51,644.32,76.44,636.28,0
554304350,SMP,1,4.48,4.84,4.66,4.84,100.97,647.83,79.63,645.81,0
554306350,SMP,1,4.48,4.84,4.84,4.84,96.17,649.73,79.14,638.69,0
554308337,SMP,1,4.48,4.66,4.84,4.84,96.32,656.05,79.16,641.87,0
554310357,SMP,1,4.48,4.84,4.84,4.84,95.91,650.68,70.0,630.58,0
554312351,SMP,1,4.48,4.84,4.84,4.84,102.65,656.42,77.72,643.24,0
554314352,SMP,1,4.48,4.84,4.84,4.84,96.2,643.69,75.11,648.41,0
554316351,SMP,1,4.48,4.84,4.84,4.66,99.17,645.97,73.48,641.69,0
554318352,SMP,1,4.48,4.66,4.84,4.84,96.94,642.37,72.2,648.34,0
554320353,SMP,1,4.48,4.84,4.66,4.66,93.8,648.71,76.67,640.14,0
554322352,SMP,1,4.48,4.84,4.66,4.84,94.6,642.72,73.35,640.89,0
554324353,SMP,1,4.48,4.84,4.84,4.66,97.6,643.44,77.16,645.28,0
554326352,SMP,1,4.48,4.84,4.84,4.84,93.75,646.01,80.01,634.11,0
554328354,SMP,1,4.48,4.84,4.84,4.66,99.14,643.25,81.45,638.12,0
554330327,SMP,1,4.48,4.84,4.66,4.84,88.31,637.57,74.04,639.41,0
554332346,SMP,1,4.48,4.84,4.66,4.48,98.5,651.9,70.21,632.47,0
554334332,SMP,1,4.48,4.84,4.84,4.66,97.38,638.39,79.67,630.05,0
554336367,SMP,1,4.48,4.84,4.84,4.84,103.31,653.82,75.12,635.16,0
554338366,SMP,1,4.48,4.84,4.66,4.66,92.98,650.27,73.16,636.24,0
554340386,SMP,1,4.48,4.66,4.66,4.66,97.62,659.37,70.54,632.64,0
554342354,SMP,1,4.48,4.66,4.84,4.84,93.86,645.26,72.3,635.5,0
554344361,SMP,1,4.48,4.84,4.66,4.66,103.2,651.26,70.69,642.48,0
554346363,SMP,1,4.66,4.84,4.84,4.84,91.04,656.96,74.06,640.07,0
554348367,SMP,1,4.48,4.66,4.84,4.84,93.14,638.91,71.17,635.29,0
554350363,SMP,1,4.48,4.66,4.84,4.48,94.05,640.12,80.15,639.44,0
554352362,SMP,1,4.48,4.84,4.66,4.66,96.86,650.42,70.08,636.71,0
554354361,SMP,1,4.48,4.84,4.84,4.48,102.4,649.2,67.33,638.07,0
554356362,SMP,1,4.48,4.84,4.66,4.84,96.15,643.17,77.68,642.61,0
554358348,SMP,1,4.48,4.84,4.66,4.66,93.24,648.59,75.79,648.21,0
554360378,SMP,1,4.48,4.84,4.84,4.66,90.58,649.65,73.8,637.02,0
554362360,SMP,1,4.48,4.84,4.66,4.66,100.24,643.34,75.71,632.22,0
554364363,SMP,1,4.48,4.66,4.66,4.84,94.1,645.53,78.28,643.44,0
554366360,SMP,1,4.48,4.84,4.84,4.66,88.97,635.97,74.86,635.82,0
554368360,SMP,1,4.48,5.01,4.66,4.66,97.5,638.96,74.06,642.41,0
554370361,SMP,1,4.48,4.66,4.84,4.66,92.56,650.22,75.86,640.27,0
554372359,SMP,1,4.48,4.84,4.84,4.84,96.97,645.2,74.64,642.08,0
554374360,SMP,1,4.48,4.66,4.84,4.66,98.29,648.63,82.09,645.42,0
554376361,SMP,1,4.48,4.84,4.66,4.66,85.99,640.65,80.12,637.58,0
554378362,SMP,1,4.48,4.84,4.66,4.66,95.13,639.1,79.06,640.88,0
554380369,SMP,1,4.48,4.66,4.66,4.66,101.52,647.67,79.13,645.69,0
554382366,SMP,1,4.48,4.84,4.84,4.66,97.34,647.89,85.81,647.21,0
554384360,SMP,1,4.48,4.66,4.66,4.48,92.17,648.42,81.85,645.91,0
554386360,SMP,1,4.48,4.66,4.84,4.84,95.29,647.34,80.96,643.74,0
554388366,SMP,1,4.48,4.66,4.66,4.66,98.08,652.33,80.89,644.19,0
554390370,SMP,1,4.48,4.84,4.66,4.84,92.71,646.55,81.38,644.7,0
554392370,SMP,1,4.48,4.84,4.66,4.84,90.54,644.46,81.9,650.76,0
554394371,SMP,1,4.48,4.66,4.66,4.66,91.94,637.42,71.2,641.52,0
554396358,SMP,1,4.48,4.84,4.66,4.84,91.99,647.15,80.89,638.57,0
554398356,SMP,1,4.48,4.84,4.66,4.84,95.24,653.31,83.6,648.18,0
554400397,SMP,1,4.48,4.84,4.66,4.66,93.46,646.81,87.45,651.2,0
554402372,SMP,1,4.48,4.66,4.66,4.66,97.3,644.41,80.52,640.78,0
554404373,SMP,1,4.48,4.84,4.66,4.84,102.99,648.51,81.39,646.97,0
554406374,SMP,1,4.48,4.84,4.66,4.66,95.58,647.06,84.61,645.47,0
554408353,SMP,1,4.48,4.84,4.66,4.66,99.17,648.25,74.58,647.53,0
554410387,SMP,1,4.48,4.66,4.66,4.66,93.15,653.36,76.79,650.74,0
554412373,SMP,1,4.48,4.84,4.84,4.84,96.4,647.36,84.72,644.9,0
554414374,SMP,1,4.48,4.66,4.66,4.84,93.23,655.39,77.95,639.95,0
554416375,SMP,1,4.48,4.84,4.66,4.66,94.79,637.97,79.68,644.54,0
554418370,SMP,1,4.66,4.84,4.66,4.66,95.8,631.46,73.95,647.71,0
554420427,SMP,1,4.48,4.84,4.66,4.66,92.72,643.31,80.52,645.64,0
554422375,SMP,1,4.48,4.66,4.66,4.66,92.75,643.9,81.34,641.05,0
554424402,SMP,1,4.48,4.84,4.84,4.66,98.94,651.06,73.73,642.81,0
554426372,SMP,1,4.48,4.84,4.66,4.48,92.24,650.04,74.76,648.07,0
554428372,SMP,1,4.48,4.84,4.66,4.48,97.33,649.74,76.67,650.99,0
554430370,SMP,1,4.48,4.84,4.66,4.84,95.09,645.16,72.78,643.21,0
554432373,SMP,1,4.66,4.84,4.66,4.84,85.34,648.02,77.95,642.28,0
554434371,SMP,1,4.48,4.84,4.66,4.84,91.23,652.76,78.4,643.23,0
554436371,SMP,1,4.48,4.84,4.66,4.66,95.02,646.97,75.31,636.71,0
554438381,SMP,1,4.48,4.66,4.66,4.66,95.04,644.83,81.19,637.97,0
554440382,SMP,1,4.48,4.84,4.66,4.66,93.65,640.88,79.0,645.94,0
554442382,SMP,1,4.48,4.66,4.66,4.48,90.73,651.69,79.05,643.87,0
554444382,SMP,1,4.48,4.84,4.66,4.84,90.96,645.74,71.04,642.07,0
554446383,SMP,1,4.48,4.84,4.66,4.84,89.67,636.39,78.32,643.06,0
554448384,SMP,1,4.48,4.84,4.66,4.66,94.47,644.91,75.43,647.43,0
554450383,SMP,1,4.48,4.66,4.66,4.66,88.57,640.82,72.08,640.63,0
554452383,SMP,1,4.48,4.84,4.84,4.48,95.8,655.17,81.47,639.67,0
554454382,SMP,1,4.48,4.84,4.66,4.48,91.04,646.56,82.5,650.15,0
554456367,SMP,1,4.66,4.84,4.66,4.84,88.29,655.89,73.13,641.67,0
554458373,SMP,1,4.48,4.84,4.84,4.66,91.05,645.1,71.99,644.31,0
554460373,SMP,1,4.48,4.66,4.84,4.66,96.36,649.62,69.41,641.12,0
554462361,SMP,1,4.48,4.84,4.66,4.66,102.32,652.01,71.28,636.79,0
554464361,SMP,1,4.48,4.66,4.66,4.84,100.81,650.25,74.81,646.87,0
554466403,SMP,1,4.48,4.84,4.84,4.66,91.71,657.24,70.04,639.85,0
554468384,SMP,1,4.48,4.84,4.84,4.66,93.56,639.59,77.58,650.61,0
554470384,SMP,1,4.48,4.66,4.66,4.84,100.71,651.87,73.42,652.84,0
554472370,SMP,1,4.48,4.84,4.84,4.84,99.8,646.54,75.39,646.06,0
554474374,SMP,1,4.66,4.84,4.84,4.48,93.31,643.1,75.19,649.51,0
554476358,SMP,1,4.48,4.84,4.66,4.66,102.06,648.92,74.71,651.0,0
554478385,SMP,1,4.48,4.66,4.66,4.66,94.34,660.4,77.17,647.18,0
554480373,SMP,1,4.48,4.84,4.66,4.84,93.8,647.88,70.33,639.54,0
554482392,SMP,1,4.48,4.84,4.66,4.48,95.81,648.89,73.62,647.91,0
554484395,SMP,1,4.48,4.84,4.66,4.84,97.05,644.94,68.96,644.94,0
554486387,SMP,1,4.48,4.84,4.66,4.66,101.61,645.33,66.25,642.53,0
554488392,SMP,1,4.48,4.66,4.66,4.84,96.44,649.94,71.22,646.18,0
554490391,SMP,1,4.48,4.84,4.66,4.84,103.46,651.08,75.55,648.08,0
554492393,SMP,1,4.48,5.01,4.84,4.48,98.15,652.52,72.55,646.09,0
554494390,SMP,1,4.48,4.84,4.66,4.66,91.46,647.1,73.42,647.38,0
554496392,SMP,1,4.48,4.66,4.84,4.84,100.61,653.7,74.5,643.07,0
554498393,SMP,1,4.48,4.66,4.66,4.48,96.85,653.87,72.93,642.4,0
554500392,SMP,1,4.48,4.84,4.66,4.66,90.18,648.87,76.51,653.18,0
554502393,SMP,1,4.48,4.84,4.66,4.66,93.6,643.28,70.25,647.24,0
554504447,SMP,1,4.48,4.84,4.66,4.66,96.26,652.59,74.0,646.92,0
554506397,SMP,1,4.48,4.84,4.66,4.66,98.96,655.15,74.48,651.09,0
554508401,SMP,1,4.48,4.84,4.66,4.84,93.37,654.1,71.97,651.87,0
554510410,SMP,1,4.48,4.66,4.66,4.66,91.53,648.59,75.54,653.0,0
554512387,SMP,1,4.48,4.66,4.66,4.84,95.24,645.51,71.99,646.49,0
554514371,SMP,1,4.48,4.66,4.84,4.66,98.12,657.45,74.36,648.74,0
554516367,SMP,1,4.48,4.84,4.66,4.66,96.67,641.78,74.62,648.69,0
554518395,SMP,1,4.48,4.84,4.84,4.66,92.34,644.79,81.08,651.82,0
554520392,SMP,1,4.48,4.84,4.66,4.66,89.61,652.23,79.95,648.5,0
554522393,SMP,1,4.48,4.84,4.66,4.48,95.38,639.69,80.04,646.0,0
554524395,SMP,1,4.48,4.66,4.66,4.66,93.12,659.35,76.23,644.88,0
554526392,SMP,1,4.48,4.84,4.66,4.84,97.18,648.89,73.9,651.27,0
554528400,SMP,1,4.48,4.84,4.84,4.66,100.42,652.94,82.32,657.87,0
554530402,SMP,1,4.48,5.01,4.66,4.66,93.42,639.98,80.93,655.5,0
554532402,SMP,1,4.48,4.84,4.66,4.84,96.24,653.88,76.68,650.73,0
554534402,SMP,1,4.48,4.66,4.84,4.84,93.71,642.33,81.48,654.53,0
554536402,SMP,1,4.48,5.01,4.66,4.66,90.53,646.94,86.55,660.55,0
554538402,SMP,1,4.48,5.01,4.66,4.66,92.91,647.51,78.13,650.53,0
554540406,SMP,1,4.48,4.66,4.66,4.66,91.49,652.25,80.07,653.39,0
554542402,SMP,1,4.48,4.84,4.84,4.66,94.86,649.04,78.28,654.23,0
554544409,SMP,1,4.48,4.84,4.84,4.84,86.62,644.92,81.1,655.5,0
554546408,SMP,1,4.48,5.01,4.84,4.66,87.94,651.86,82.33,652.07,0
554548404,SMP,1,4.48,4.84,4.84,4.66,89.92,647.31,86.39,661.23,0
554550401,SMP,1,4.48,4.66,4.84,4.48,97.88,654.84,85.36,654.62,0
554552401,SMP,1,4.48,4.84,4.66,4.84,90.59,655.72,83.17,657.64,0
554554401,SMP,1,4.66,4.66,4.84,4.84,82.71,645.95,80.23,657.39,0
554556403,SMP,1,4.48,4.84,4.84,4.66,89.28,646.86,86.23,653.29,0
554558398,SMP,1,4.66,4.84,4.66,4.84,92.69,646.39,83.41,654.67,0
554560408,SMP,1,4.3,4.84,4.66,4.66,85.68,653.25,77.05,654.43,0
554562402,SMP,1,4.48,4.84,4.66,4.66,93.51,650.54,84.03,659.66,0
554564402,SMP,1,4.48,4.66,4.66,4.84,94.52,654.32,84.76,659.8,0
554566402,SMP,1,4.66,4.84,4.66,4.66,94.88,651.66,79.07,660.24,0
554568402,SMP,1,4.48,4.84,4.66,4.84,95.24,643.06,82.16,658.38,0
554570401,SMP,1,4.48,4.84,4.84,4.66,92.09,648.64,80.49,655.68,0
554572405,SMP,1,4.48,5.01,4.66,4.84,92.5,658.27,82.81,657.0,0
554574417,SMP,1,4.48,4.84,4.66,4.66,92.23,651.49,82.57,661.99,0
554576410,SMP,1,4.48,4.84,4.66,4.66,92.53,650.09,80.25,658.27,0
554578411,SMP,1,4.3,4.84,4.66,4.84,90.65,650.88,85.36,658.33,0
554580413,SMP,1,4.48,4.84,4.84,4.66,85.57,645.43,79.67,657.82,0
554582407,SMP,1,4.66,4.84,4.66,4.66,88.1,647.14,80.43,655.92,0
554584392,SMP,1,4.48,4.66,4.66,4.66,90.74,650.05,91.38,661.83,0
554586427,SMP,1,4.3,4.66,4.66,4.84,92.8,650.46,87.05,663.01,0
554588432,SMP,1,4.66,4.84,4.66,4.66,98.94,653.7,91.52,658.87,0
554590412,SMP,1,4.48,5.01,4.66,4.84,92.06,650.43,83.19,660.94,0
554592413,SMP,1,4.48,4.84,4.66,4.48,95.1,657.14,83.82,652.38,0
554594414,SMP,1,4.48,5.01,4.66,4.66,91.84,653.99,91.41,668.63,0
554596415,SMP,1,4.48,4.84,4.66,4.66,102.74,662.25,86.62,662.2,0
554598412,SMP,1,4.66,4.66,4.66,4.66,93.73,661.97,89.3,664.12,0
554600413,SMP,1,4.66,4.66,4.84,4.66,92.45,656.1,83.21,652.56,0
554602414,SMP,1,4.48,4.84,4.66,4.84,99.64,658.81,81.2,657.53,0
554604411,SMP,1,4.48,4.66,4.84,4.84,95.72,654.74,76.19,651.52,0
554606412,SMP,1,4.48,4.66,4.66,4.66,99.27,653.4,79.33,651.9,0
554608400,SMP,1,4.48,4.84,4.84,4.66,94.64,651.04,85.27,652.98,0
554610394,SMP,1,4.66,4.66,4.66,4.66,93.57,653.34,78.54,653.88,0
554612391,SMP,1,4.66,4.84,4.84,4.66,92.39,653.44,80.16,658.21,0
554614391,SMP,1,4.48,4.84,4.66,4.66,92.41,664.32,83.6,663.05,0
554616429,SMP,1,4.48,4.84,4.66,4.66,89.08,658.78,87.82,657.28,0
554618412,SMP,1,4.48,4.84,4.84,4.66,93.73,658.19,84.49,668.57,0
554620422,SMP,1,4.66,4.66,4.66,4.84,90.17,655.6,86.33,653.9,0
554622422,SMP,1,4.48,4.84,4.66,4.84,96.39,666.22,78.02,655.16,0
554624421,SMP,1,4.66,4.84,4.66,4.84,86.03,648.14,83.36,664.35,0
554626424,SMP,1,4.48,4.66,4.84,4.48,94.81,654.43,80.35,653.59,0
554628431,SMP,1,4.48,4.84,4.84,4.84,93.31,655.14,87.91,660.05,0
554630423,SMP,1,4.3,4.66,4.66,4.66,87.4,649.76,84.84,658.34,0
554632422,SMP,1,4.48,4.66,4.66,4.84,88.35,653.66,86.8,660.85,0
554634423,SMP,1,4.66,4.84,4.84,4.48,96.38,666.73,81.44,665.14,0
554636422,SMP,1,4.48,4.66,4.66,4.66,99.59,652.03,84.05,656.37,0
554638423,SMP,1,4.48,4.66,4.66,4.66,89.65,655.54,87.14,663.27,0
554640398,SMP,1,4.48,4.84,4.66,4.66,94.76,653.69,84.1,659.52,0
554642426,SMP,1,4.48,4.66,4.66,4.66,86.43,652.69,84.91,662.62,0
554644421,SMP,1,4.66,4.84,4.66,4.66,86.91,660.53,81.56,662.3,0
554646424,SMP,1,4.48,4.66,4.66,4.84,90.13,656.56,81.91,653.16,0
554648425,SMP,1,4.48,4.84,4.66,4.66,99.15,644.16,82.71,662.17,0
554650421,SMP,1,4.48,4.84,4.66,4.84,95.46,655.86,82.43,650.25,0
554652420,SMP,1,4.48,4.66,4.66,4.66,99.59,651.03,82.37,655.7,0
554654421,SMP,1,4.48,4.84,4.66,4.84,96.48,651.89,78.3,653.25,0
554656424,SMP,1,4.48,4.84,4.84,4.66,94.8,658.78,84.21,659.34,0
554658401,SMP,1,4.48,4.84,4.66,4.84,98.63,656.07,79.76,654.91,0
554660430,SMP,1,4.48,5.01,4.66,4.84,100.48,660.96,85.83,656.68,0
554662422,SMP,1,4.48,5.01,4.84,4.66,104.77,650.06,85.26,649.99,0
554664424,SMP,1,4.48,4.84,4.66,4.84,97.09,665.43,83.01,654.38,0
554666433,SMP,1,4.66,4.66,4.84,4.84,101.86,653.78,77.11,642.63,0
554668487,SMP,1,4.48,4.84,4.84,4.84,93.97,659.18,78.88,656.44,0
554670434,SMP,1,4.48,4.84,4.66,4.84,102.19,669.64,75.21,649.69,0
554672451,SMP,1,4.48,4.84,4.66,4.66,105.3,658.53,82.15,657.55,0
554674431,SMP,1,4.48,4.84,4.84,4.66,102.76,663.33,84.1,653.88,0
554676433,SMP,1,4.48,4.84,4.66,4.66,98.47,656.39,86.29,653.95,103
554678434,SMP,1,4.48,5.01,4.66,4.84,96.09,660.78,80.6,656.9,103
554680435,SMP,1,4.48,5.01,4.84,4.66,97.69,651.7,77.39,650.39,103
554682436,SMP,1,4.66,5.01,4.84,4.66,105.45,655.04,81.18,653.15,0
554684433,SMP,1,4.48,4.66,4.66,4.66,95.91,655.01,84.9,654.19,0
554686434,SMP,1,4.48,4.84,4.84,4.66,98.64,648.2,84.9,653.85,0
554688432,SMP,1,4.48,4.84,4.84,4.66,98.52,647.01,87.53,654.38,0
554690431,SMP,1,4.48,4.84,4.66,4.66,102.2,653.1,80.07,651.7,0
554692430,SMP,1,4.48,4.66,4.66,4.84,110.02,651.18,82.85,648.65,0
554694430,SMP,1,4.66,4.66,4.84,4.84,107.19,652.33,75.31,644.41,0
554696434,SMP,1,4.48,5.01,4.84,4.66,106.67,648.41,70.47,650.68,0
554698435,SMP,1,4.48,4.84,4.84,4.48,109.34,656.58,78.62,640.67,0
554700432,SMP,1,4.48,4.66,4.84,4.84,93.56,650.44,75.34,648.96,0
554702431,SMP,1,4.66,4.84,4.84,4.48,96.8,656.7,78.68,649.26,0
554704432,SMP,1,4.48,4.84,4.66,4.66,103.25,652.18,67.7,653.66,0
554706437,SMP,1,4.48,4.84,4.66,4.84,98.81,649.13,67.21,647.15,0
554708430,SMP,1,4.66,4.66,4.66,4.66,103.82,654.15,72.86,650.72,0
554710412,SMP,1,4.48,5.01,4.84,4.84,102.73,649.84,70.06,647.95,0
554712454,SMP,1,4.48,4.84,4.84,4.66,112.57,658.62,79.66,652.96,0
554714447,SMP,1,4.48,4.84,4.84,4.66,103.05,651.59,71.26,642.45,0
554716444,SMP,1,4.48,4.84,4.84,4.84,101.15,651.62,67.93,646.51,0
554718444,SMP,1,4.48,4.66,4.84,4.66,101.82,647.84,70.12,642.01,0
554720444,SMP,1,4.48,5.01,4.84,4.84,96.27,649.39,74.98,647.43,0
554722442,SMP,1,4.48,5.01,4.84,4.66,108.95,647.04,68.96,639.94,0
554724442,SMP,1,4.48,4.84,4.84,4.84,103.72,656.85,77.64,650.99,0
554726443,SMP,1,4.48,4.84,4.84,4.66,101.98,642.09,73.43,651.71,0
554728443,SMP,1,4.66,4.84,4.84,4.66,109.77,650.21,72.97,645.81,0
554730444,SMP,1,4.48,4.84,4.84,4.84,104.03,651.65,69.69,641.77,0
554732445,SMP,1,4.48,4.84,4.66,4.84,100.93,645.59,72.27,654.94,0
554734445,SMP,1,4.66,5.01,4.84,4.84,104.57,648.05,62.84,648.98,0
554736444,SMP,1,4.66,4.84,4.84,4.66,105.52,648.36,70.23,640.79,0
554738440,SMP,1,4.66,5.01,4.84,4.48,106.5,648.15,65.43,647.86,0
554740441,SMP,1,4.48,4.66,4.84,4.66,109.53,654.13,62.86,647.36,0
554742441,SMP,1,4.48,4.66,4.84,4.66,104.57,650.79,60.78,647.42,0
554744442,SMP,1,4.48,5.01,4.84,4.66,100.64,659.64,67.87,657.73,0
554746442,SMP,1,4.48,4.84,4.84,4.66,108.08,660.36,61.33,643.45,0
554748442,SMP,1,4.66,4.84,4.84,4.66,99.77,660.95,65.23,641.92,0
554750443,SMP,1,4.66,4.84,4.84,4.48,106.3,654.56,64.18,644.98,0
554752486,SMP,1,4.66,4.84,4.84,4.66,107.51,652.72,66.06,647.45,0
554754442,SMP,1,4.66,4.84,4.66,4.84,112.32,655.73,69.48,641.71,0
554756463,SMP,1,4.48,4.84,4.84,4.48,105.6,656.82,67.42,647.23,0
554758441,SMP,1,4.66,4.66,4.84,4.84,102.79,649.31,70.87,649.67,0
554760463,SMP,1,4.66,4.66,4.84,4.66,109.15,651.71,65.6,648.23,0
554762452,SMP,1,4.66,4.84,4.84,4.66,104.66,653.24,62.91,650.36,0
554764444,SMP,1,4.48,4.84,4.84,4.84,110.73,659.84,70.09,646.6,0
554766453,SMP,1,4.66,4.84,4.84,4.66,113.13,650.89,64.31,642.9,0
554768437,SMP,1,4.48,4.66,4.84,4.48,111.83,657.41,65.8,646.4,0
554770456,SMP,1,4.48,4.84,4.84,4.84,105.95,652.69,54.34,638.55,0
554772454,SMP,1,4.48,4.84,4.84,4.66,109.72,651.09,70.28,647.55,0
554774456,SMP,1,4.48,4.84,4.84,4.66,115.6,651.29,65.66,643.97,0
554776454,SMP,1,4.66,4.84,4.66,4.84,111.53,645.8,63.77,638.57,0
554778455,SMP,1,4.66,4.84,4.66,4.84,110.67,651.37,66.89,639.2,0
554780455,SMP,1,4.66,4.84,4.84,4.66,109.55,655.9,65.21,647.43,0
554782454,SMP,1,4.66,5.01,4.84,4.66,105.67,655.22,66.44,653.79,0
554784442,SMP,1,4.48,5.01,4.84,4.66,101.82,651.15,66.49,651.69,0
554786454,SMP,1,4.48,4.84,4.84,4.66,104.19,649.91,70.6,644.39,0
554788457,SMP,1,4.48,5.01,4.84,4.66,108.4,651.19,68.5,648.37,0
554790457,SMP,1,4.66,5.01,4.84,4.66,102.23,645.0,73.49,642.95,0
554792458,SMP,1,4.48,4.66,4.66,4.48,104.12,653.17,67.3,644.92,0
554794461,SMP,1,4.48,4.66,4.66,4.66,101.55,655.68,74.83,654.23,0
554796455,SMP,1,4.48,5.01,4.84,4.66,98.57,653.34,60.07,648.82,0
554798456,SMP,1,4.48,4.66,4.84,4.84,107.13,649.45,67.8,653.51,0
554800455,SMP,1,4.48,4.66,4.84,4.66,105.4,656.13,66.78,645.27,0
554802452,SMP,1,4.48,4.84,4.84,4.66,111.42,656.4,70.95,646.71,0
554804464,SMP,1,4.48,5.01,4.84,4.84,108.24,656.95,61.54,647.38,0
554806462,SMP,1,4.48,5.01,4.84,4.84,106.61,656.27,58.53,641.3,0
554808459,SMP,1,4.48,4.66,4.84,4.48,104.29,651.68,62.51,648.68,0
554810478,SMP,1,4.66,4.84,4.84,4.66,107.34,652.55,72.45,641.31,0
554812463,SMP,1,4.66,4.66,4.84,4.84,113.1,656.12,67.89,641.88,0
554814463,SMP,1,4.66,4.84,4.84,4.66,110.05,648.64,66.5,643.27,0
554816462,SMP,1,4.48,4.84,4.84,4.48,111.62,656.82,67.09,644.59,0
554818463,SMP,1,4.48,4.84,4.84,4.66,115.7,658.88,66.24,640.56,0
554820462,SMP,1,4.66,4.84,4.84,4.66,104.95,658.64,66.43,638.73,0
554822466,SMP,1,4.48,4.84,4.84,4.48,106.31,656.85,64.67,645.8,0
554824465,SMP,1,4.48,4.84,4.84,4.84,106.53,654.63,69.93,642.62,0
554826463,SMP,1,4.66,4.84,4.84,4.66,100.06,651.35,71.45,653.25,0
554828459,SMP,1,4.66,4.84,4.84,4.66,106.52,649.0,70.53,642.38,0
554830467,SMP,1,4.48,4.66,4.84,4.84,107.02,655.55,64.03,640.98,0
554832465,SMP,1,4.48,4.84,4.84,4.48,111.71,644.73,69.09,649.88,0
554834471,SMP,1,4.48,4.66,4.66,4.84,103.98,649.71,64.05,646.63,0
554836487,SMP,1,4.66,4.84,4.84,4.84,108.44,652.08,67.61,643.91,0
554838466,SMP,1,4.66,5.01,4.66,4.66,106.08,653.17,69.09,651.66,0
554840463,SMP,1,4.66,4.84,4.84,4.66,108.53,657.29,68.86,644.11,0
554842439,SMP,1,4.48,4.84,4.84,4.84,109.27,656.62,71.33,644.75,0
554844468,SMP,1,4.48,5.01,4.84,4.66,102.62,648.4,67.58,637.32,0
554846464,SMP,1,4.48,4.84,4.84,4.84,105.64,656.03,71.19,641.9,0
554848465,SMP,1,4.48,4.84,4.84,4.66,101.91,651.48,70.99,638.38,0
554850472,SMP,1,4.66,4.84,4.84,4.84,114.21,655.92,74.8,637.61,0
554852472,SMP,1,4.66,5.01,4.84,4.66,104.09,662.77,75.93,643.17,0
554854471,SMP,1,4.48,4.84,4.84,4.66,109.82,660.73,67.8,644.93,0
554856471,SMP,1,4.48,5.01,4.84,4.48,105.0,648.29,71.08,645.2,0
554858466,SMP,1,4.48,4.84,4.84,4.84,97.96,656.71,68.85,642.5,0
554860487,SMP,1,4.48,4.84,4.84,4.84,110.21,662.04,64.19,637.29,0
554862473,SMP,1,4.48,4.84,4.84,4.84,99.9,644.45,66.31,639.6,0
554864472,SMP,1,4.66,5.01,4.84,4.66,108.07,662.51,73.84,639.8,0
554866474,SMP,1,4.66,4.84,4.84,4.66,108.96,653.56,74.62,644.14,0
554868475,SMP,1,4.48,4.84,4.84,4.84,111.84,657.21,75.17,649.17,0
554870474,SMP,1,4.48,5.01,4.84,4.66,106.51,655.72,69.29,648.09,0
554872476,SMP,1,4.66,4.84,4.84,4.84,104.26,641.83,69.27,645.77,0
554874474,SMP,1,4.48,5.01,4.84,4.84,105.62,653.58,71.24,643.8,0
554876474,SMP,1,4.66,4.84,4.84,4.84,100.99,653.97,70.71,643.14,0
554878476,SMP,1,4.66,5.01,4.84,4.84,112.96,660.34,79.29,642.99,0
554880473,SMP,1,4.48,4.84,4.84,4.66,100.98,643.05,72.16,646.97,0
554882471,SMP,1,4.48,4.84,4.84,4.84,98.11,648.13,73.99,640.63,0
554884477,SMP,1,4.48,5.01,4.84,4.48,102.86,653.33,69.0,641.78,0
554886477,SMP,1,4.48,4.84,4.84,4.66,98.65,639.95,75.17,645.05,0
554888475,SMP,1,4.48,4.84,4.84,4.48,104.37,652.97,73.03,648.47,0
554890451,SMP,1,4.48,4.84,4.84,4.84,107.18,653.03,71.5,644.58,0
554892466,SMP,1,4.48,4.84,4.84,4.66,106.37,650.35,80.62,644.29,0
554894451,SMP,1,4.66,4.84,4.84,4.66,110.01,644.39,74.32,642.46,0
554896501,SMP,1,4.48,5.01,4.84,4.66,103.04,649.6,79.98,645.81,0
554898482,SMP,1,4.48,4.84,4.84,4.84,105.4,655.63,77.91,643.58,0
554900482,SMP,1,4.48,4.84,4.84,4.84,107.1,647.22,83.22,645.69,0
554902483,SMP,1,4.48,4.84,4.84,4.48,102.6,656.31,81.54,647.12,0
554904483,SMP,1,4.48,4.84,4.84,4.84,97.55,653.63,79.16,648.77,0
554906482,SMP,1,4.48,4.84,4.84,4.48,107.95,651.03,83.88,652.56,0
554908466,SMP,1,4.66,4.84,4.84,4.66,106.13,654.61,83.37,651.36,0
554910497,SMP,1,4.66,5.01,4.84,4.84,112.1,652.0,82.15,644.69,0
554912486,SMP,1,4.48,4.84,4.84,4.66,98.27,654.92,88.59,649.56,0
554914484,SMP,1,4.48,4.84,4.84,4.84,100.93,657.78,84.49,651.93,0
554916538,SMP,1,4.66,4.84,5.01,4.66,103.7,642.86,81.65,649.33,0
554918492,SMP,1,4.66,5.01,4.84,4.66,103.91,643.9,88.97,647.18,0
554920501,SMP,1,4.66,4.84,4.66,4.66,93.84,649.47,86.82,650.42,0
554922483,SMP,1,4.48,4.84,4.84,4.84,96.7,645.15,82.45,646.98,0
554924485,SMP,1,4.48,4.84,4.84,4.84,94.28,649.69,95.87,660.58,0
554926489,SMP,1,4.48,4.84,4.84,4.84,110.05,661.39,87.7,648.38,0
554928487,SMP,1,4.48,4.84,4.66,4.66,99.41,644.45,85.11,652.25,0
554930487,SMP,1,4.66,5.01,4.84,5.01,104.88,651.41,87.84,648.3,0
554932483,SMP,1,4.48,4.84,4.66,4.84,97.33,650.7,90.41,657.89,0
554934483,SMP,1,4.48,4.66,4.84,4.84,104.96,649.66,94.33,656.4,0
554936485,SMP,1,4.48,5.01,4.84,4.84,96.13,644.3,93.25,661.98,0
554938483,SMP,1,4.48,5.01,4.84,4.66,94.15,652.27,89.3,659.22,0
554940481,SMP,1,4.48,5.01,4.84,4.66,105.64,651.24,96.2,660.26,0
554942494,SMP,1,4.48,4.84,4.84,4.84,98.8,658.24,86.15,650.7,0
554944492,SMP,1,4.48,5.01,4.84,4.84,92.31,654.29,98.68,660.99,0
554946493,SMP,1,4.48,4.84,4.84,4.84,98.81,653.02,93.92,657.62,0
554948494,SMP,1,4.48,5.01,4.66,4.66,93.04,646.69,87.64,658.41,0
554950495,SMP,1,4.48,4.66,4.66,4.84,98.4,655.76,92.06,655.36,0
554952493,SMP,1,4.66,5.01,5.01,4.66,101.72,654.47,89.11,660.91,0
554954485,SMP,1,4.48,4.84,4.84,4.66,95.82,657.71,90.93,658.15,0
554956486,SMP,1,4.48,4.84,4.84,4.84,98.1,663.06,93.56,665.62,0
554958473,SMP,1,4.48,4.66,4.66,4.66,93.7,652.91,88.66,667.09,0
554960514,SMP,1,4.48,4.84,4.66,4.66,99.98,652.56,90.21,658.19,0
554962497,SMP,1,4.48,4.84,4.66,4.84,97.85,656.48,95.21,670.35,0
554964498,SMP,1,4.48,5.01,4.66,4.84,94.02,647.84,94.86,661.65,0
554966494,SMP,1,4.48,5.19,4.84,4.66,95.74,652.04,84.37,660.44,0
554968496,SMP,1,4.48,4.84,4.66,4.84,105.4,654.27,84.82,661.42,0
554970491,SMP,1,4.66,5.01,4.84,4.84,102.84,651.07,81.95,655.53,0
554972497,SMP,1,4.66,4.66,4.84,4.84,99.05,658.39,83.37,653.62,0
554974491,SMP,1,4.48,5.01,4.66,4.66,93.71,644.96,86.87,654.66,0
554976498,SMP,1,4.66,4.84,4.84,4.66,98.81,659.76,84.7,660.82,0
554978495,SMP,1,4.48,4.66,4.84,4.66,100.91,659.13,86.77,654.95,0
554980497,SMP,1,4.48,4.84,4.84,4.48,100.93,652.87,88.48,658.27,0
554982495,SMP,1,4.48,4.84,4.66,4.66,97.27,654.24,99.14,653.92,0
554984493,SMP,1,4.48,4.66,4.84,4.66,90.03,654.07,91.74,656.0,0
554986494,SMP,1,4.48,4.66,4.66,4.84,94.97,647.8,91.45,658.42,0
554988504,SMP,1,4.48,5.01,4.84,4.84,100.13,646.51,92.69,655.2,0
554990506,SMP,1,4.48,5.01,4.84,4.66,103.33,649.53,95.32,658.2,0
554992502,SMP,1,4.48,5.01,4.84,4.84,101.25,647.7,95.16,652.03,0
554994502,SMP,1,4.48,4.66,4.84,4.66,100.07,648.38,88.54,660.89,0
554996505,SMP,1,4.48,5.01,4.84,4.84,97.43,655.52,92.63,659.56,0
554998512,SMP,1,4.48,5.01,4.66,4.84,94.1,651.39,85.94,656.47,0
555000547,SMP,1,4.48,5.01,4.66,4.66,106.4,651.11,88.78,659.62,0
555002507,SMP,1,4.48,5.01,4.66,4.66,96.35,648.01,85.17,663.18,0
555004505,SMP,1,4.48,5.01,4.66,4.84,102.66,658.33,91.44,661.06,0
555006507,SMP,1,4.66,4.84,4.66,4.66,96.22,654.89,83.26,650.5,0
555008490,SMP,1,4.48,5.01,4.84,4.84,101.39,658.06,85.74,656.07,0
555010496,SMP,1,4.48,5.01,4.84,4.66,98.46,657.98,88.01,663.28,0
555012506,SMP,1,4.48,5.01,4.66,4.66,97.15,645.26,85.19,664.63,0
555014493,SMP,1,4.48,5.01,4.84,4.84,104.16,649.38,88.07,664.41,0
555016495,SMP,1,4.48,4.84,4.66,4.84,100.09,651.14,82.31,658.93,0
555018516,SMP,1,4.48,4.84,4.66,4.66,94.4,647.81,84.44,657.13,0
555020506,SMP,1,4.48,4.84,4.66,4.66,89.11,648.81,80.83,656.87,0
555022504,SMP,1,4.48,5.01,4.66,4.84,96.69,648.29,86.7,659.89,0
555024507,SMP,1,4.48,5.01,4.84,4.66,102.1,655.09,85.33,657.25,0
555026505,SMP,1,4.48,5.01,5.01,4.84,92.37,643.83,85.33,656.56,0
555028505,SMP,1,4.48,5.01,4.66,4.84,99.95,651.05,80.92,649.85,0
555030503,SMP,1,4.48,4.84,4.66,4.84,88.5,647.62,76.12,646.05,0
555032506,SMP,1,4.48,5.01,4.84,4.84,97.82,645.89,65.39,644.85,0
555034500,SMP,1,4.66,4.84,4.66,4.66,101.12,646.88,66.04,649.25,0
555036492,SMP,1,4.66,4.84,4.66,4.66,103.8,638.18,88.5,666.33,0
555038528,SMP,1,4.48,4.84,4.84,4.66,105.96,631.45,108.38,639.16,0
555040519,SMP,1,4.48,4.84,4.84,4.66,126.82,632.05,104.87,621.44,0
555042516,SMP,1,4.66,5.01,4.84,4.66,158.77,604.6,139.81,626.45,0
555044515,SMP,1,4.66,4.84,4.84,4.66,164.81,613.58,150.94,610.34,0
555046514,SMP,1,4.66,4.66,4.84,4.66,188.6,596.09,184.4,600.61,0
555048515,SMP,1,4.66,4.84,4.84,4.66,207.09,576.3,207.22,580.03,0
555050514,SMP,1,4.66,4.84,4.84,4.84,237.05,574.61,225.87,571.93,0
555052516,SMP,1,4.66,4.66,4.84,4.66,254.39,566.87,248.77,551.18,0
555054514,SMP,1,4.66,4.66,4.84,4.84,270.23,560.86,289.85,548.37,0
555056516,SMP,1,4.84,4.84,4.66,4.66,311.42,545.99,308.97,539.73,0
555058502,SMP,1,4.84,4.66,4.66,4.66,323.96,541.4,334.08,525.5,0
555060512,SMP,1,4.84,4.84,4.84,4.66,357.81,524.03,359.96,509.72,0
555062516,SMP,1,4.84,4.66,4.84,4.48,359.06,515.53,370.13,502.19,0
555064512,SMP,1,5.01,4.66,4.84,4.48,388.55,489.5,396.78,491.91,0
555066515,SMP,1,4.84,4.84,4.84,4.66,402.75,501.96,426.1,489.53,0
555068515,SMP,1,4.84,4.66,4.84,4.66,413.71,489.99,418.47,477.92,0
555070515,SMP,1,4.84,4.84,4.84,4.66,427.34,485.51,420.16,472.84,0
555072515,SMP,1,4.84,4.84,4.66,4.66,433.29,485.98,409.86,471.69,0
555074515,SMP,1,5.01,4.84,4.66,4.66,438.69,483.54,404.59,476.66,0
555076513,SMP,1,5.01,4.66,4.84,4.66,435.68,485.23,410.03,479.36,0
555078513,SMP,1,5.01,4.84,4.66,4.66,430.36,490.98,400.85,481.79,0
555080511,SMP,1,4.84,4.66,4.84,4.66,435.55,488.9,403.13,475.62,0
555082538,SMP,1,5.01,4.84,4.84,4.66,436.19,487.4,399.72,489.71,0
555084573,SMP,1,5.01,4.66,4.84,4.84,435.13,485.71,407.53,486.67,0
555086523,SMP,1,5.01,4.66,4.66,4.66,434.83,489.6,405.53,492.69,0
555088524,SMP,1,5.01,4.66,4.66,4.66,431.16,487.72,408.52,488.43,0
555090526,SMP,1,4.84,4.66,4.66,4.66,434.74,481.46,409.02,492.23,0
555092521,SMP,1,4.84,4.48,4.66,4.66,429.73,483.72,408.35,495.49,0
555094525,SMP,1,4.84,4.48,4.66,4.66,429.97,480.93,409.26,490.99,0
555096524,SMP,1,4.84,4.48,4.66,4.66,426.28,486.5,411.43,489.36,0
555098525,SMP,1,4.84,4.66,4.84,4.66,429.3,495.25,415.33,489.54,0
555100523,SMP,1,4.84,4.66,4.66,4.48,434.43,489.37,419.74,494.43,0
555102521,SMP,1,4.84,4.48,4.66,4.66,424.84,478.3,416.08,490.76,0
555104527,SMP,1,4.84,4.66,4.84,4.84,432.5,489.13,420.4,500.82,0
555106527,SMP,1,4.84,4.66,4.66,4.66,421.02,481.3,410.95,500.09,0
555108510,SMP,1,4.84,4.66,4.84,4.66,423.45,481.05,416.23,504.54,0
555110528,SMP,1,4.84,4.66,4.84,4.66,428.82,484.77,420.23,500.59,0
555112526,SMP,1,4.84,4.84,4.84,4.84,421.36,487.8,415.12,495.91,0
555114525,SMP,1,4.84,4.84,4.84,4.66,424.82,477.49,418.85,500.8,0
555116527,SMP,1,4.84,4.66,4.84,4.48,426.81,481.72,421.71,495.81,0
555118524,SMP,1,4.84,4.66,4.84,4.66,419.06,491.68,418.51,489.81,0
555120521,SMP,1,4.84,4.66,4.84,4.66,416.85,482.2,417.04,493.02,0
555122524,SMP,1,5.01,4.66,4.84,4.48,423.53,484.36,422.11,492.18,0
555124533,SMP,1,4.84,4.66,4.84,4.48,413.95,487.34,421.98,494.75,0
555126536,SMP,1,4.84,4.66,4.84,4.66,419.03,490.81,413.99,500.17,0
555128534,SMP,1,4.84,4.84,4.84,4.66,411.66,481.87,424.63,493.74,0
555130534,SMP,1,4.84,4.48,4.84,4.48,418.21,483.65,420.87,502.22,0
555132537,SMP,1,4.84,4.66,4.84,4.66,415.48,482.73,420.11,498.02,0
555134536,SMP,1,4.84,4.66,4.84,4.48,417.28,493.56,417.82,494.09,0
555136536,SMP,1,4.84,4.66,4.84,4.66,417.84,493.02,423.51,502.83,0
555138536,SMP,1,4.84,4.66,4.84,4.66,421.26,487.25,420.66,498.85,0
555140521,SMP,1,4.84,4.84,4.66,4.48,409.3,493.84,422.12,489.88,0
555142517,SMP,1,4.84,4.84,4.84,4.66,415.11,486.59,416.22,497.9,0
555144559,SMP,1,4.84,4.66,4.84,4.48,415.98,490.3,418.21,497.74,0
555146535,SMP,1,4.84,4.48,4.66,4.48,412.74,491.33,413.7,503.03,0
555148535,SMP,1,4.84,4.48,4.66,4.66,417.34,484.79,419.16,496.66,0
555150531,SMP,1,4.84,4.66,4.66,4.48,415.86,492.14,415.21,500.2,0
555152536,SMP,1,4.84,4.84,4.84,4.48,414.82,478.73,416.83,499.71,0
555154532,SMP,1,4.84,4.66,4.84,4.66,416.22,478.55,415.57,492.12,0
555156534,SMP,1,4.84,4.66,4.84,4.48,419.96,493.33,418.24,491.07,0
555158511,SMP,1,4.84,4.66,4.84,4.48,405.54,487.3,419.69,501.83,0
555160543,SMP,1,4.84,4.66,4.66,4.66,418.14,485.67,413.12,500.92,0
555162539,SMP,1,4.84,4.84,4.84,4.48,423.36,484.64,413.24,500.13,0
555164596,SMP,1,4.84,4.66,4.66,4.66,419.75,484.04,411.73,496.55,0
555166541,SMP,1,4.84,4.66,4.66,4.66,418.14,478.71,419.72,499.4,0
555168554,SMP,1,4.84,4.66,4.66,4.84,417.24,489.43,417.47,498.58,0
555170535,SMP,1,4.84,4.66,4.84,4.48,418.25,491.3,415.2,498.76,0
555172527,SMP,1,4.84,4.48,4.66,4.48,420.58,489.0,409.03,496.79,0
555174538,SMP,1,4.84,4.84,4.66,4.66,418.75,487.25,415.35,496.23,0
555176555,SMP,1,4.66,4.84,4.66,4.48,412.74,487.5,413.76,484.35,0
555178542,SMP,1,4.84,4.66,4.66,4.84,408.9,488.45,419.93,505.41,0
555180543,SMP,1,4.84,4.66,4.66,4.48,417.12,493.7,419.21,497.0,0
555182544,SMP,1,4.84,4.66,4.66,4.66,420.38,485.32,417.84,499.52,0
555184545,SMP,1,4.84,4.84,4.66,4.66,419.49,488.29,412.92,495.2,0
555186544,SMP,1,4.84,4.48,4.66,4.48,416.29,490.69,417.18,500.36,0
555188544,SMP,1,4.84,4.66,4.84,4.48,425.07,487.69,421.42,496.52,0
555190546,SMP,1,5.01,4.84,4.84,4.48,412.82,485.26,412.95,492.04,0
555192545,SMP,1,4.84,4.66,4.66,4.48,418.52,479.7,411.87,492.99,0
555194544,SMP,1,4.84,4.66,4.66,4.66,412.66,489.36,411.37,499.47,0
555196548,SMP,1,4.84,4.66,4.66,4.48,416.43,485.23,412.0,495.76,0
555198540,SMP,1,4.84,4.84,4.84,4.66,420.37,479.42,415.05,489.48,0
555200546,SMP,1,4.84,4.84,4.66,4.48,418.68,482.83,404.94,500.5,0
555202546,SMP,1,4.84,4.84,4.84,4.48,415.96,483.43,410.48,500.79,0
555204522,SMP,1,4.84,4.66,4.66,4.48,420.25,481.95,410.26,487.38,0
555206552,SMP,1,4.84,4.48,4.66,4.66,415.22,484.4,418.3,495.75,0
555208556,SMP,1,4.84,4.84,4.84,4.66,417.69,477.93,422.63,499.78,0
555210560,SMP,1,5.01,4.84,4.84,4.66,428.05,481.99,414.45,496.85,0
555212546,SMP,1,4.84,4.48,4.66,4.66,420.55,486.63,418.22,499.13,0
555214543,SMP,1,4.66,4.48,4.66,4.66,424.0,486.38,414.76,497.79,0
555216546,SMP,1,4.84,4.66,4.66,4.48,423.73,480.37,411.83,497.39,0
555218554,SMP,1,4.84,4.48,4.66,4.48,416.41,477.66,410.42,491.79,0
555220553,SMP,1,4.84,4.48,4.66,4.48,422.41,479.76,413.72,491.35,0
555222555,SMP,1,4.84,4.48,4.66,4.66,415.03,490.24,416.8,503.99,0
555224554,SMP,1,4.84,4.48,4.66,4.48,415.2,479.93,416.11,498.98,0
555226552,SMP,1,4.84,4.66,4.66,4.48,420.6,477.96,414.08,501.41,0
555228556,SMP,1,4.84,4.66,4.66,4.66,413.35,477.56,419.17,502.57,0
555230557,SMP,1,5.01,4.84,4.84,4.48,423.03,480.54,413.01,490.72,0
555232555,SMP,1,4.84,4.66,4.66,4.66,419.57,474.58,413.67,496.22,0
555234554,SMP,1,4.84,4.84,4.66,4.48,416.32,488.59,414.26,499.86,0
555236555,SMP,1,4.84,4.66,4.84,4.48,420.28,484.11,414.06,490.8,0
555238554,SMP,1,4.84,4.66,4.66,4.48,414.74,486.74,409.37,497.4,0
555240555,SMP,1,5.01,4.84,4.66,4.48,418.62,486.32,414.02,501.87,0
555242552,SMP,1,4.84,4.66,4.84,4.48,419.45,481.39,410.97,493.67,0
555244552,SMP,1,4.84,4.84,4.66,4.48,422.12,482.95,413.67,500.78,0
555246562,SMP,1,5.01,4.84,4.66,4.48,431.78,471.55,412.1,496.43,0
555248645,SMP,1,4.66,4.66,4.66,4.66,429.98,472.08,407.82,485.16,0
555250561,SMP,1,4.84,4.66,4.66,4.66,437.02,465.09,421.49,466.39,0
555252565,SMP,1,4.84,4.84,4.66,4.48,443.59,464.01,425.68,468.47,0
555254554,SMP,1,4.84,4.48,4.66,4.48,439.04,454.15,426.16,452.02,0
555256554,SMP,1,4.84,4.48,4.66,4.48,444.97,443.69,418.92,450.93,0
555258532,SMP,1,4.84,4.48,4.66,4.66,443.5,447.23,422.47,440.8,0
555260563,SMP,1,4.84,4.48,4.66,4.66,442.27,436.34,420.95,439.32,0
555262553,SMP,1,5.01,4.48,4.66,4.66,437.12,438.59,417.3,443.96,0
555264551,SMP,1,4.84,4.66,4.66,4.66,435.76,426.96,415.99,434.83,0
555266548,SMP,1,5.01,4.66,4.66,4.66,442.74,424.92,417.24,443.57,0
555268567,SMP,1,4.84,4.66,4.66,4.48,444.12,423.22,424.57,436.78,0
555270568,SMP,1,4.84,4.66,4.66,4.3,441.91,424.85,418.87,438.41,0
555272566,SMP,1,5.01,4.48,4.66,4.66,438.6,424.69,424.35,438.04,0
555274562,SMP,1,5.01,4.48,4.66,4.48,442.9,423.61,418.25,440.47,0
555276564,SMP,1,4.66,4.66,4.66,4.48,447.23,422.29,416.24,431.24,0
555278563,SMP,1,5.01,4.66,4.66,4.66,440.0,431.04,414.72,433.54,0
555280564,SMP,1,4.84,4.66,4.66,4.66,442.8,418.77,415.67,432.68,0
555282565,SMP,1,5.01,4.48,4.66,4.66,438.15,424.34,418.61,440.05,0
555284564,SMP,1,4.84,4.66,4.66,4.66,440.63,421.11,414.9,433.02,0
555286565,SMP,1,4.84,4.48,4.84,4.66,440.29,424.71,416.15,433.99,0
555288571,SMP,1,4.84,4.66,4.84,4.66,442.44,425.47,414.5,433.66,0
555290566,SMP,1,4.84,4.66,4.66,4.48,443.75,424.95,416.41,435.31,0
555292564,SMP,1,4.84,4.66,4.66,4.66,443.89,425.33,418.34,436.23,0
555294561,SMP,1,5.01,4.66,4.84,4.48,447.81,421.33,419.2,439.3,0
555296565,SMP,1,4.84,4.66,4.66,4.48,432.76,430.44,423.88,441.63,0
555298564,SMP,1,5.01,4.48,4.84,4.48,437.25,422.87,424.01,440.26,0
555300569,SMP,1,5.01,4.66,4.66,4.66,445.0,422.29,428.16,442.7,0
555302565,SMP,1,4.84,4.66,4.84,4.66,442.62,419.95,427.97,434.99,0
555304565,SMP,1,5.01,4.48,4.84,4.66,440.16,423.04,422.95,434.95,0
555306567,SMP,1,5.01,4.66,4.84,4.48,439.65,429.31,428.32,436.26,0
555308559,SMP,1,4.84,4.66,4.84,4.48,439.9,421.87,431.25,446.53,0
555310591,SMP,1,4.84,4.66,4.84,4.48,440.65,420.37,426.26,440.07,0
555312575,SMP,1,4.84,4.66,4.84,4.66,437.55,425.72,425.88,427.17,0
555314557,SMP,1,4.84,4.66,4.84,4.48,441.45,424.52,430.69,444.15,0
555316555,SMP,1,5.01,4.66,4.84,4.66,442.18,426.23,437.25,430.61,0
555318580,SMP,1,5.01,4.66,4.84,4.66,438.62,426.71,434.86,432.22,0
555320579,SMP,1,5.01,4.66,4.84,4.66,440.59,425.2,434.86,431.49,0
555322576,SMP,1,5.01,4.66,4.84,4.48,440.46,429.4,438.63,435.82,0
555324576,SMP,1,5.01,4.48,4.66,4.48,441.68,422.88,435.39,422.43,0
555326574,SMP,1,5.01,4.84,4.84,4.66,442.92,427.39,436.92,437.34,0
555328576,SMP,1,4.84,4.66,4.66,4.66,442.87,430.92,440.62,442.08,0
555330557,SMP,1,4.84,4.66,4.66,4.66,433.96,431.49,436.36,442.97,0
555332630,SMP,1,5.01,4.66,4.66,4.66,441.5,427.06,436.58,439.62,0
555334575,SMP,1,4.84,4.48,4.66,4.48,434.7,433.64,441.06,432.76,0
555336577,SMP,1,4.84,4.66,4.84,4.66,440.56,429.57,440.18,442.2,0
555338574,SMP,1,4.84,4.48,4.84,4.48,441.58,437.31,436.27,442.52,0
555340572,SMP,1,5.01,4.66,4.84,4.48,440.6,433.21,440.61,443.05,0
555342552,SMP,1,5.01,4.48,4.66,4.48,436.94,425.73,439.53,435.52,0
555344566,SMP,1,5.01,4.84,4.66,4.66,438.8,431.71,443.79,440.66,0
555346574,SMP,1,4.84,4.66,4.84,4.66,437.58,438.1,441.54,437.99,0
555348572,SMP,1,5.01,4.66,4.66,4.48,442.29,429.96,443.15,439.83,0
555350572,SMP,1,5.01,4.48,4.66,4.66,438.79,424.34,438.69,431.79,0
555352577,SMP,1,4.84,4.66,4.66,4.66,437.13,432.88,439.9,435.95,0
555354573,SMP,1,5.01,4.66,4.66,4.48,443.96,430.0,439.6,445.79,0
555356586,SMP,1,5.01,4.66,4.66,4.66,443.47,426.72,444.35,447.66,0
555358583,SMP,1,5.01,4.48,4.84,4.48,443.99,432.3,438.28,438.69,0
555360589,SMP,1,5.01,4.84,4.84,4.48,440.0,432.14,438.24,439.33,0
555362585,SMP,1,4.84,4.66,4.66,4.48,435.76,431.01,438.24,442.24,0
555364583,SMP,1,5.01,4.3,4.66,4.48,438.75,430.2,442.66,446.45,0
555366583,SMP,1,5.01,4.66,4.84,4.66,437.22,437.53,443.82,439.22,0
555368585,SMP,1,5.01,4.66,4.84,4.66,431.16,436.67,442.03,436.68,0
555370589,SMP,1,4.84,4.66,4.84,4.48,433.77,432.01,444.87,439.74,0
555372592,SMP,1,5.01,4.84,4.84,4.66,435.55,432.72,444.2,434.32,0
555374583,SMP,1,5.01,4.66,4.66,4.48,437.05,432.51,438.38,436.74,0
555376588,SMP,1,4.84,4.66,4.66,4.66,445.12,427.9,443.17,440.46,0
555378585,SMP,1,5.01,4.48,4.84,4.48,439.48,431.97,438.24,438.7,0
555380585,SMP,1,5.01,4.66,4.84,4.48,435.37,434.89,443.05,438.9,0
555382585,SMP,1,4.84,4.66,4.84,4.66,439.43,428.0,440.75,439.95,0
555384583,SMP,1,5.01,4.66,4.84,4.84,441.12,434.8,439.74,443.18,0
555386581,SMP,1,4.84,4.48,4.84,4.66,444.97,434.31,434.96,438.64,0
555388585,SMP,1,5.01,4.66,4.84,4.84,447.16,438.47,437.99,439.4,0
555390560,SMP,1,5.01,4.84,4.84,4.84,439.71,432.96,441.16,444.29,0
555392559,SMP,1,4.84,4.48,4.84,4.48,444.93,436.74,438.87,436.88,0
555394594,SMP,1,5.01,4.66,4.84,4.66,436.81,431.64,436.75,441.26,0
555396586,SMP,1,5.01,4.66,4.84,4.84,437.29,439.57,442.87,442.77,0
555398584,SMP,1,5.01,4.48,4.84,4.66,443.41,432.74,437.26,439.09,0
555400585,SMP,1,5.01,4.84,4.84,4.48,447.39,430.93,447.06,444.18,0
555402594,SMP,1,4.84,4.48,4.84,4.66,443.18,424.82,438.95,439.03,0
555404594,SMP,1,5.01,4.66,4.84,4.84,445.43,436.66,437.19,437.78,0
555406596,SMP,1,5.01,4.66,4.84,4.48,449.1,431.76,431.17,447.36,0
555408587,SMP,1,5.01,4.84,4.84,4.66,441.44,432.0,433.99,449.2,0
555410610,SMP,1,5.01,4.48,4.66,4.48,444.88,429.19,438.36,443.14,0
555412666,SMP,1,5.01,4.66,4.84,4.66,446.04,430.56,439.67,441.15,0
555414596,SMP,1,5.01,4.66,4.84,4.66,446.81,435.02,437.11,441.41,0
555416607,SMP,1,5.01,4.66,4.84,4.66,442.94,429.02,435.19,439.51,0
555418596,SMP,1,5.01,4.66,4.84,4.84,445.92,429.94,439.45,435.27,0
555420588,SMP,1,5.01,4.48,4.84,4.66,444.99,436.01,441.52,440.67,0
555422596,SMP,1,5.01,4.66,4.84,4.48,445.92,432.76,441.89,443.01,0
555424596,SMP,1,4.84,4.66,5.01,4.48,439.37,428.09,436.11,443.66,0
555426595,SMP,1,5.01,4.84,4.84,4.66,443.78,432.74,436.08,448.31,0
555428598,SMP,1,5.01,4.66,4.84,4.48,441.23,425.92,438.58,446.64,0
555430594,SMP,1,4.84,4.84,4.84,4.48,442.49,433.56,444.18,445.26,0
555432582,SMP,1,4.84,4.66,4.84,4.84,440.21,429.41,434.14,444.64,0
555434599,SMP,1,5.19,4.84,4.84,4.48,446.05,430.85,431.88,441.13,0
555436595,SMP,1,5.19,4.66,4.84,4.48,444.48,430.55,440.96,443.27,0
555438593,SMP,1,5.01,4.66,4.84,4.84,448.48,427.48,434.25,442.66,0
555440593,SMP,1,5.01,4.66,4.84,4.48,448.76,426.01,439.56,449.88,0
555442591,SMP,1,4.84,4.84,4.84,4.66,451.56,427.26,439.05,439.96,0
555444596,SMP,1,5.19,4.84,4.84,4.84,436.89,435.56,433.71,449.33,0
555446596,SMP,1,5.19,4.66,4.84,4.84,444.8,430.23,437.36,442.69,0
555448604,SMP,1,5.01,4.84,4.84,4.84,443.74,431.98,436.07,446.63,0
555450605,SMP,1,5.19,4.66,4.84,4.84,439.08,422.37,436.21,445.05,0
555452604,SMP,1,5.01,4.66,4.84,4.84,452.4,426.13,432.86,443.83,0
555454623,SMP,1,5.01,4.66,4.84,4.84,444.64,430.88,433.27,450.32,0
555456588,SMP,1,5.01,4.66,4.84,4.84,451.41,429.25,427.54,439.92,0
555458589,SMP,1,5.01,4.66,4.84,4.66,455.16,428.62,436.14,445.08,0
555460604,SMP,1,5.01,4.84,4.84,4.66,445.11,429.87,433.02,444.63,0
555462608,SMP,1,5.01,4.66,4.84,4.66,443.99,435.3,434.33,438.31,0
555464606,SMP,1,5.01,4.84,4.84,4.84,450.08,430.03,440.38,443.7,0
555466605,SMP,1,5.01,4.84,4.84,4.84,440.37,429.29,432.89,446.81,0
555468605,SMP,1,5.01,4.84,5.01,4.84,435.2,437.6,443.87,445.74,0
555470605,SMP,1,5.01,4.66,5.01,4.84,449.15,431.19,439.27,436.94,0
555472606,SMP,1,5.19,4.66,4.84,4.84,459.55,416.79,440.58,447.59,0
555474605,SMP,1,5.19,4.84,5.01,4.84,478.62,423.7,457.71,433.28,0
555476609,SMP,1,5.19,4.84,4.84,4.84,490.91,426.53,484.45,443.69,0
555478608,SMP,1,5.19,4.66,4.66,4.84,489.3,435.2,492.98,430.72,0
555480603,SMP,1,5.01,4.66,5.01,4.84,499.52,422.06,493.65,436.69,0
555482605,SMP,1,5.19,4.84,4.84,4.66,521.49,427.23,503.71,429.07,0
555484606,SMP,1,5.19,4.84,5.01,4.84,526.12,429.4,518.8,445.12,0
555486605,SMP,1,5.01,4.84,5.01,4.48,528.21,421.67,524.62,441.23,0
555488605,SMP,1,5.19,4.66,4.84,4.66,527.4,425.66,528.25,434.52,0
555490604,SMP,1,5.19,4.84,4.84,4.66,526.55,421.32,527.37,435.27,0
555492605,SMP,1,5.01,4.84,4.84,4.84,526.43,418.7,536.66,434.87,0
555494624,SMP,1,5.19,4.66,4.84,4.66,532.82,418.4,531.48,435.96,0
555496652,SMP,1,5.19,4.66,5.01,4.84,533.39,419.07,532.67,434.61,0
555498614,SMP,1,5.19,4.84,5.01,4.84,542.1,413.97,531.61,435.45,0
555500616,SMP,1,5.19,4.84,4.84,4.84,530.32,421.62,529.3,441.58,0
555502615,SMP,1,5.19,4.48,4.84,4.84,532.79,413.15,536.02,441.87,0
555504619,SMP,1,5.19,4.66,4.84,4.84,531.16,425.07,524.21,434.83,0
555506615,SMP,1,5.19,4.84,5.01,4.84,526.24,415.5,530.45,439.96,0
555508601,SMP,1,5.19,4.84,5.01,4.84,529.82,424.52,532.54,445.98,0
555510622,SMP,1,5.19,4.66,5.01,4.84,529.14,412.82,537.36,435.53,0
555512616,SMP,1,5.19,4.84,5.01,4.84,530.64,419.84,530.94,444.52,0
555514616,SMP,1,5.19,5.01,5.01,4.84,536.08,427.86,531.25,440.46,0
555516591,SMP,1,5.19,4.84,5.01,4.66,531.9,414.92,532.95,436.34,0
555518607,SMP,1,5.19,4.66,4.84,4.84,534.16,422.3,532.5,440.85,0
555520621,SMP,1,5.19,4.84,5.01,4.84,533.62,417.12,537.61,441.97,0
555522620,SMP,1,5.19,4.84,5.01,4.84,536.12,422.17,532.51,436.09,0
555524618,SMP,1,5.19,4.84,5.01,4.84,538.1,416.75,528.49,434.39,0
555526616,SMP,1,5.19,5.01,5.01,5.01,535.88,419.66,522.21,444.52,0
555528616,SMP,1,5.19,4.66,4.84,4.84,532.27,422.31,526.22,432.16,0
555530616,SMP,1,5.19,5.01,4.84,4.84,528.35,424.81,534.83,430.47,0
555532611,SMP,1,5.19,5.01,4.84,4.84,529.78,412.74,532.93,435.68,0
555534615,SMP,1,5.19,4.84,5.01,4.84,533.68,419.98,525.79,431.23,0
555536628,SMP,1,5.19,5.01,5.01,4.84,529.3,416.81,536.4,435.09,0
555538615,SMP,1,5.19,5.01,4.84,4.84,538.98,418.66,533.05,440.56,0
555540627,SMP,1,5.19,4.84,5.01,4.84,531.95,415.77,530.0,434.44,0
555542625,SMP,1,5.19,4.84,5.01,4.84,532.22,425.36,529.74,435.57,0
555544626,SMP,1,5.19,4.84,5.01,4.84,528.39,410.33,525.99,427.99,0
555546624,SMP,1,5.19,4.84,5.01,4.84,536.55,414.33,523.33,439.76,0
555548626,SMP,1,5.19,4.84,5.01,4.84,525.75,422.13,529.46,436.04,0
555550624,SMP,1,5.19,5.01,4.84,4.84,537.26,419.22,532.05,434.95,0
555552622,SMP,1,5.19,4.84,5.01,4.84,533.46,423.29,527.48,436.02,0
555554625,SMP,1,5.19,5.01,4.84,4.84,539.1,414.92,527.38,437.79,0
555556625,SMP,1,5.19,4.84,5.01,4.84,532.12,419.77,522.22,439.24,0
555558616,SMP,1,5.19,5.01,4.84,5.01,528.99,413.33,524.25,432.79,0
555560641,SMP,1,5.19,4.84,5.01,4.84,534.39,417.65,521.55,427.64,0
555562626,SMP,1,5.19,4.84,4.84,4.84,527.65,415.13,519.26,440.19,0
555564626,SMP,1,5.19,5.01,4.84,4.84,533.69,418.5,518.3,438.73,0
555566626,SMP,1,5.19,5.01,5.01,4.84,528.9,417.41,522.78,430.98,0
555568627,SMP,1,5.19,4.84,4.84,4.84,529.45,420.13,525.53,428.53,0
555570626,SMP,1,5.19,5.01,5.01,4.84,529.39,418.86,518.5,439.58,0
555572628,SMP,1,5.19,4.84,5.01,4.84,534.45,412.01,514.92,437.43,0
555574623,SMP,1,5.19,4.84,5.01,4.84,528.13,419.33,528.38,436.28,0
555576627,SMP,1,5.19,4.84,5.01,4.84,532.8,418.62,522.75,434.26,0
555578609,SMP,1,5.19,5.01,5.01,4.84,532.25,401.57,521.95,433.02,0
555580685,SMP,1,5.19,4.84,5.19,4.84,531.16,419.7,515.07,437.14,0
555582632,SMP,1,5.19,4.84,5.19,4.84,530.71,411.59,519.22,436.59,0
555584628,SMP,1,5.19,4.84,5.19,4.84,537.53,414.85,508.84,435.57,0
555586635,SMP,1,5.19,5.01,5.19,4.84,530.51,417.52,516.11,433.85,0
555588634,SMP,1,5.19,4.84,5.01,4.84,523.98,416.36,513.68,430.29,0
555590633,SMP,1,5.19,4.84,5.19,4.84,535.51,419.8,516.24,437.49,0
555592622,SMP,1,5.19,5.01,5.19,4.84,534.1,424.94,514.25,430.76,0
555594622,SMP,1,5.19,5.01,5.19,4.84,525.68,416.56,513.12,441.23,0
555596619,SMP,1,5.19,5.01,5.01,4.84,533.34,419.33,518.18,441.45,0
555598610,SMP,1,5.19,5.01,5.19,4.84,533.64,420.36,512.62,441.05,0
555600637,SMP,1,5.37,5.01,5.19,4.84,537.92,417.68,516.55,427.78,0
555602635,SMP,1,5.37,4.84,5.19,5.01,530.91,413.82,517.87,434.56,0
555604636,SMP,1,5.37,5.01,5.01,4.84,537.23,413.1,516.33,434.16,0
555606636,SMP,1,5.19,4.84,5.01,4.84,532.39,419.4,518.77,438.73,0
555608623,SMP,1,5.19,5.01,5.19,5.01,528.68,415.48,518.58,438.27,0
555610632,SMP,1,5.19,4.84,5.19,4.84,530.97,409.83,518.69,434.06,0
555612638,SMP,1,5.19,5.01,5.01,5.01,536.1,412.48,515.28,434.11,0
555614639,SMP,1,5.19,5.01,5.19,5.01,536.08,422.77,521.74,439.76,0
555616637,SMP,1,5.19,5.01,5.01,5.01,528.06,422.06,519.98,436.3,0
555618648,SMP,1,5.19,5.01,5.19,4.84,536.6,424.25,514.84,429.67,0
555620642,SMP,1,5.19,5.01,5.01,5.01,538.86,411.5,514.85,440.91,0
555622635,SMP,1,5.37,5.01,5.19,5.19,528.98,411.47,517.27,436.96,0
555624636,SMP,1,5.37,5.01,5.01,5.19,538.61,415.57,515.62,434.33,0
555626633,SMP,1,5.19,5.01,5.01,4.84,539.23,420.16,513.48,436.6,0
555628635,SMP,1,5.37,5.01,5.01,4.84,538.88,425.34,519.21,436.38,0
555630633,SMP,1,5.19,5.01,5.01,5.01,527.59,409.9,515.82,440.23,0
555632645,SMP,1,5.37,5.01,5.01,5.01,525.97,416.91,517.3,438.31,0
555634645,SMP,1,5.19,5.01,5.01,5.01,530.01,418.04,525.69,437.35,0
555636644,SMP,1,5.37,5.01,5.19,4.84,525.35,410.15,521.2,436.34,0
555638645,SMP,1,5.19,5.01,5.19,4.84,535.05,411.0,521.35,433.77,0
555640630,SMP,1,5.55,5.01,5.19,5.01,535.02,417.06,520.18,433.85,0
555642641,SMP,1,5.37,4.84,5.19,5.01,537.3,418.03,519.64,432.16,0
555644656,SMP,1,5.37,4.84,5.01,5.19,532.46,408.66,519.83,434.04,0
555646646,SMP,1,5.37,5.01,5.01,4.84,529.97,415.37,519.58,434.16,0
555648646,SMP,1,5.37,5.01,5.19,5.01,537.98,416.2,521.08,440.69,0
555650644,SMP,1,5.37,5.01,5.01,4.84,531.48,426.49,522.61,442.51,0
555652649,SMP,1,5.55,5.01,5.19,5.01,533.35,415.97,520.43,430.87,0
555654643,SMP,1,5.55,5.01,5.19,5.01,529.34,425.13,522.41,439.98,0
555656649,SMP,1,5.19,5.01,5.19,5.19,534.72,418.25,518.88,437.05,0
555658632,SMP,1,5.55,5.01,5.19,5.01,525.11,418.34,518.94,433.77,0
555660668,SMP,1,5.19,5.01,5.19,5.01,526.18,411.77,516.83,438.8,0
555662649,SMP,1,5.19,4.84,5.01,5.19,524.73,407.39,525.75,433.42,0
555664662,SMP,1,5.19,5.01,5.19,5.01,526.97,413.56,521.64,433.03,0
555666649,SMP,1,5.55,5.01,5.19,4.84,530.05,410.42,519.65,431.09,0
555668640,SMP,1,5.55,5.01,5.19,5.19,533.77,416.62,517.39,429.43,0
555670636,SMP,1,5.55,5.01,5.01,5.01,532.73,420.72,520.13,435.43,0
555672646,SMP,1,5.55,4.84,5.19,5.01,530.25,416.72,524.97,432.13,0
555674644,SMP,1,5.37,5.01,5.19,5.01,531.45,422.01,517.15,436.4,0
555676647,SMP,1,5.37,5.19,5.19,4.84,528.31,411.41,522.01,430.08,0
555678656,SMP,1,5.37,5.19,5.19,5.01,525.73,421.06,517.86,437.98,0
555680654,SMP,1,5.55,5.01,5.19,5.01,526.61,418.91,520.98,439.88,0
555682653,SMP,1,5.37,5.01,5.19,5.01,522.14,412.68,519.16,439.52,0
555684654,SMP,1,5.55,5.01,5.19,5.01,525.48,414.0,513.72,433.04,0
555686653,SMP,1,5.19,5.01,5.19,5.01,526.94,421.09,515.53,437.43,0
555688655,SMP,1,5.37,5.01,5.19,5.19,523.89,408.62,523.29,445.13,0
555690654,SMP,1,5.37,5.01,5.19,5.01,525.59,415.83,517.9,434.27,0
555692656,SMP,1,5.55,5.19,5.19,5.01,521.34,416.23,513.64,443.34,0
555694652,SMP,1,5.37,5.01,5.19,5.19,531.41,420.86,522.84,440.33,0
555696656,SMP,1,5.55,5.01,5.19,4.84,525.82,421.07,520.88,431.19,0
555698655,SMP,1,5.55,5.01,5.19,5.19,531.02,419.92,522.02,447.22,0
555700655,SMP,1,5.55,5.19,5.19,5.01,524.91,419.55,520.92,436.02,0
555702657,SMP,1,5.55,5.19,5.19,5.19,527.57,423.01,522.29,439.06,0
555704639,SMP,1,5.37,4.84,5.19,5.19,527.14,415.74,516.07,430.38,0
555706670,SMP,1,5.37,5.01,5.19,5.01,528.59,420.03,522.23,436.65,0
555708636,SMP,1,5.55,5.01,5.19,5.01,530.23,429.11,524.18,441.55,0
555710667,SMP,1,5.37,5.01,5.19,5.19,524.61,421.31,523.92,431.93,0
555712658,SMP,1,5.37,5.01,5.19,5.01,521.49,417.17,521.98,440.76,0
555714655,SMP,1,5.55,5.01,5.19,5.01,533.01,428.88,519.83,442.27,0
555716653,SMP,1,5.37,5.19,5.19,5.01,526.05,420.04,516.05,431.46,0
555718659,SMP,1,5.55,5.01,5.37,5.01,531.49,426.89,524.14,439.93,0
555720654,SMP,1,5.37,5.01,5.19,5.01,525.52,426.5,519.73,431.59,0
555722654,SMP,1,5.37,5.01,5.19,5.01,514.95,428.82,519.35,427.38,0
555724665,SMP,1,5.37,5.19,5.19,5.01,517.85,432.32,523.62,436.2,0
555726665,SMP,1,5.37,5.19,5.19,5.01,526.06,424.24,525.77,427.42,0
555728665,SMP,1,5.55,5.01,5.19,5.01,527.8,424.52,525.03,430.8,0
555730665,SMP,1,5.55,5.19,5.19,5.19,525.0,427.54,518.6,431.05,0
555732668,SMP,1,5.37,5.01,5.19,5.19,522.03,424.93,521.35,425.51,0
555734651,SMP,1,5.37,5.01,5.19,5.19,519.33,423.23,519.66,431.68,0
555736662,SMP,1,5.37,5.19,5.19,5.19,530.8,425.55,520.0,431.17,0
555738656,SMP,1,5.37,5.19,5.19,5.19,519.77,429.98,529.93,425.35,0
555740667,SMP,1,5.55,5.01,5.37,5.01,533.3,427.0,530.04,422.36,0
555742713,SMP,1,5.37,5.01,5.19,5.19,529.04,425.49,526.31,426.61,0
555744670,SMP,1,5.37,5.19,5.19,5.19,527.52,425.76,524.45,423.36,0
555746667,SMP,1,5.37,5.01,5.19,5.19,521.99,422.98,534.43,427.82,0
555748667,SMP,1,5.55,5.19,5.19,5.01,525.12,428.45,527.7,429.18,0
555750666,SMP,1,5.55,5.37,5.19,5.19,531.02,428.16,529.06,433.71,0
555752669,SMP,1,5.37,5.01,5.19,5.19,532.99,427.89,529.85,435.39,0
555754666,SMP,1,5.55,5.19,5.37,5.19,525.27,423.86,538.22,433.42,0
555756663,SMP,1,5.37,5.19,5.19,5.19,532.11,423.13,537.88,445.45,0
555758661,SMP,1,5.55,5.19,5.19,5.01,521.36,419.68,534.16,433.18,0
555760672,SMP,1,5.55,5.19,5.37,5.19,517.98,417.9,522.43,438.73,0
555762666,SMP,1,5.55,5.19,5.19,5.19,509.69,423.43,503.33,444.81,0
555764642,SMP,1,5.55,5.01,5.37,5.19,484.69,432.84,494.71,429.91,0
555766661,SMP,1,5.55,5.01,5.19,5.01,489.65,426.38,501.64,438.33,0
555768673,SMP,1,5.55,5.37,5.37,5.37,481.03,427.69,485.96,439.2,0
555770675,SMP,1,5.55,5.01,5.37,5.19,467.27,419.71,463.89,443.26,0
555772678,SMP,1,5.55,5.19,5.37,5.01,455.41,425.41,454.11,439.22,0
555774676,SMP,1,5.55,5.01,5.37,5.37,451.0,426.13,453.7,442.61,0
555776673,SMP,1,5.55,5.19,5.37,5.19,455.75,433.1,458.31,439.69,0
555778678,SMP,1,5.55,5.01,5.55,5.19,449.99,435.0,462.12,435.43,0
555780676,SMP,1,5.37,5.19,5.37,5.19,448.27,431.62,464.14,426.9,0
555782676,SMP,1,5.55,5.19,5.37,5.37,449.18,429.37,461.94,429.88,0
555784691,SMP,1,5.55,5.37,5.19,5.19,454.18,423.72,463.09,435.01,0
555786673,SMP,1,5.37,5.19,5.37,5.01,453.07,429.89,467.99,439.06,0
555788681,SMP,1,5.37,5.19,5.37,5.01,455.66,424.75,460.17,429.18,0
555790677,SMP,1,5.37,5.01,5.37,5.37,449.93,436.51,463.44,434.12,0
555792678,SMP,1,5.55,5.19,5.37,5.01,449.51,427.0,459.68,442.78,0
555794674,SMP,1,5.55,5.19,5.37,5.37,448.59,427.17,467.14,435.28,0
555796663,SMP,1,5.37,5.19,5.37,5.37,449.7,432.58,468.18,431.6,0
555798674,SMP,1,5.37,5.19,5.37,5.37,447.29,424.96,464.57,431.57,0
555800678,SMP,1,5.37,5.19,5.37,5.37,445.22,431.19,466.26,436.92,0
555802673,SMP,1,5.55,5.19,5.37,5.19,453.14,419.52,467.33,430.48,0
555804675,SMP,1,5.55,5.19,5.37,5.37,449.91,423.05,461.62,440.96,0
555806674,SMP,1,5.55,5.19,5.55,5.19,446.81,427.51,465.94,436.8,0
555808673,SMP,1,5.55,5.37,5.37,5.37,456.2,438.17,465.75,436.21,0
555810684,SMP,1,5.37,5.01,5.37,5.19,441.91,423.89,469.1,433.9,0
555812677,SMP,1,5.55,5.19,5.37,5.37,452.99,429.66,465.47,431.56,0
555814679,SMP,1,5.37,5.19,5.37,5.19,447.04,429.77,464.6,439.46,0
555816685,SMP,1,5.37,5.01,5.37,5.37,450.11,428.42,470.54,446.14,0
555818685,SMP,1,5.55,5.19,5.37,5.19,452.55,433.11,460.97,437.19,0
555820686,SMP,1,5.55,5.19,5.37,5.37,443.34,426.05,465.76,434.39,0
555822685,SMP,1,5.37,5.19,5.37,5.19,446.65,431.36,465.83,437.27,0
555824692,SMP,1,5.55,5.19,5.37,5.37,447.17,428.55,464.9,436.2,0
555826727,SMP,1,5.73,5.19,5.55,5.19,451.53,427.19,465.25,439.27,0
555828691,SMP,1,5.55,5.19,5.37,5.55,449.92,436.96,470.48,438.25,0
555830687,SMP,1,5.55,5.19,5.37,5.37,453.04,434.38,461.03,436.48,0
555832686,SMP,1,5.55,5.19,5.37,5.37,455.6,429.38,464.36,440.88,0
555834688,SMP,1,5.73,5.19,5.55,5.01,450.57,434.3,472.19,432.94,0
555836698,SMP,1,5.55,5.19,5.55,5.55,455.23,428.52,461.74,441.88,0
555838684,SMP,1,5.37,5.19,5.55,5.37,454.16,427.97,465.28,444.87,0
555840686,SMP,1,5.73,5.19,5.37,5.37,452.84,435.7,464.37,434.43,0
555842686,SMP,1,5.37,5.19,5.37,5.37,452.64,429.92,466.47,443.34,0
555844686,SMP,1,5.73,5.19,5.55,5.19,447.75,427.33,465.9,444.65,0
555846686,SMP,1,5.55,5.19,5.37,5.37,447.7,427.79,466.91,434.23,0
555848686,SMP,1,5.55,5.19,5.55,5.19,453.04,434.02,465.57,443.69,0
555850687,SMP,1,5.55,5.19,5.55,5.37,447.12,426.8,468.39,442.14,0
555852686,SMP,1,5.55,5.55,5.37,5.37,452.79,425.93,465.7,430.22,0
555854687,SMP,1,5.55,5.19,5.55,5.19,451.44,425.27,463.01,440.21,0
555856686,SMP,1,5.73,5.19,5.55,5.37,450.06,426.46,463.71,443.97,0
555858663,SMP,1,5.55,5.37,5.55,5.37,464.41,426.23,468.86,437.78,0
555860686,SMP,1,5.73,5.55,5.55,5.37,447.85,431.35,470.06,437.86,0
555862695,SMP,1,5.55,5.19,5.55,5.37,453.54,421.73,462.3,434.55,0
555864697,SMP,1,5.55,5.37,5.55,5.37,456.65,423.69,470.37,442.09,0
555866703,SMP,1,5.55,5.37,5.55,5.37,449.92,424.95,464.01,439.37,0
555868697,SMP,1,5.37,5.19,5.55,5.19,449.85,429.16,466.29,439.09,0
555870700,SMP,1,5.37,5.37,5.55,5.37,453.92,428.08,458.54,440.22,0
555872697,SMP,1,5.55,5.19,5.55,5.37,459.91,434.31,466.33,438.92,0
555874696,SMP,1,5.55,5.55,5.55,5.37,450.15,428.97,468.29,445.41,0
555876682,SMP,1,5.37,5.55,5.55,5.37,453.88,419.93,463.86,443.99,0
555878683,SMP,1,5.55,5.55,5.55,5.37,450.84,427.83,469.48,438.2,0
555880690,SMP,1,5.55,5.55,5.55,5.37,451.8,422.33,463.05,436.54,0
555882700,SMP,1,5.73,5.37,5.55,5.37,454.81,426.05,466.14,439.89,0
555884698,SMP,1,5.73,5.19,5.55,5.37,448.42,428.9,464.75,437.77,0
555886696,SMP,1,5.73,5.19,5.55,5.37,453.69,423.17,459.6,433.63,0
555888698,SMP,1,5.55,5.37,5.55,5.19,449.47,416.39,464.13,430.87,0
555890698,SMP,1,5.73,5.37,5.55,5.37,457.5,425.09,461.4,438.43,0
555892690,SMP,1,5.73,5.19,5.55,5.19,446.58,420.37,455.4,438.36,0
555894677,SMP,1,5.55,5.19,5.55,5.37,454.03,424.83,455.74,432.47,0
555896710,SMP,1,5.55,5.37,5.55,5.37,450.77,422.56,456.92,435.92,0
555898697,SMP,1,5.55,5.19,5.55,5.37,456.17,423.01,462.94,434.14,0
555900696,SMP,1,5.55,5.55,5.55,5.55,452.56,426.85,462.23,443.25,0
555902701,SMP,1,5.55,5.55,5.55,5.19,452.77,424.01,455.78,436.13,0
555904697,SMP,1,5.73,5.55,5.55,5.37,455.12,424.97,450.99,437.64,0
555906698,SMP,1,5.55,5.19,5.55,5.55,450.78,433.13,457.54,439.98,0
555908692,SMP,1,5.73,5.55,5.55,5.37,454.38,434.05,455.53,434.44,0
555910771,SMP,1,5.73,5.37,5.55,5.37,450.72,416.42,449.25,436.0,0
555912708,SMP,1,5.55,5.37,5.55,5.37,457.82,426.55,453.15,438.76,0
555914704,SMP,1,5.55,5.37,5.55,5.55,458.84,423.41,457.0,439.25,0
555916701,SMP,1,5.55,5.37,5.55,5.55,448.28,426.29,455.16,441.42,0
555918705,SMP,1,5.73,5.55,5.55,5.37,456.02,429.65,453.74,438.4,0
555920697,SMP,1,5.73,5.19,5.55,5.37,452.38,427.93,455.68,439.41,0
555922707,SMP,1,5.73,5.19,5.55,5.37,455.88,423.05,451.63,439.51,0
555924709,SMP,1,5.55,5.37,5.55,5.55,454.31,424.56,450.49,441.8,0
555926705,SMP,1,5.73,5.19,5.55,5.37,452.44,418.41,452.87,435.06,0
555928707,SMP,1,5.55,5.37,5.55,5.55,460.34,424.93,445.88,438.76,0
555930708,SMP,1,5.55,5.37,5.55,5.37,453.81,414.66,451.87,430.48,0
555932707,SMP,1,5.55,5.37,5.55,5.55,456.6,427.77,446.33,446.51,0
555934704,SMP,1,5.73,5.37,5.55,5.55,450.82,419.17,447.71,444.19,0
555936708,SMP,1,5.73,5.37,5.55,5.55,461.32,423.76,448.36,434.1,0
555938705,SMP,1,5.73,5.37,5.55,5.37,452.09,424.23,443.75,441.38,0
555940705,SMP,1,5.55,5.55,5.55,5.55,460.23,424.99,452.26,444.65,0
555942706,SMP,1,5.55,5.19,5.55,5.55,456.04,426.15,450.18,446.13,0
555944707,SMP,1,5.55,5.55,5.55,5.55,457.99,422.3,448.53,445.08,0
555946710,SMP,1,5.73,5.55,5.55,5.55,458.87,426.34,456.97,441.93,0
555948719,SMP,1,5.55,5.55,5.55,5.37,463.4,424.26,444.93,441.14,0
555950716,SMP,1,5.73,5.55,5.37,5.37,456.5,429.78,452.14,442.65,0
555952706,SMP,1,5.73,5.55,5.55,5.55,462.76,425.18,446.12,440.35,0
555954714,SMP,1,5.73,5.55,5.55,5.55,454.77,421.67,453.0,447.86,0
555956701,SMP,1,5.73,5.55,5.55,5.37,460.5,421.38,447.31,435.45,0
555958710,SMP,1,5.73,5.55,5.73,5.55,453.79,424.23,453.42,448.24,0
555960700,SMP,1,5.55,5.37,5.55,5.55,455.16,422.09,453.9,449.84,0
555962735,SMP,1,5.73,5.55,5.55,5.55,456.74,428.21,447.77,447.22,0
555964720,SMP,1,5.91,5.55,5.55,5.55,456.05,424.17,450.22,441.7,0
555966715,SMP,1,5.73,5.37,5.55,5.37,453.73,422.51,456.82,445.69,0
555968716,SMP,1,5.73,5.55,5.55,5.73,457.49,424.7,454.0,444.96,0
555970716,SMP,1,5.73,5.55,5.55,5.55,460.46,427.85,451.11,444.11,0
555972717,SMP,1,5.91,5.37,5.55,5.55,461.2,429.63,446.52,439.58,0
555974717,SMP,1,5.55,5.37,5.55,5.37,455.28,417.95,447.84,449.4,0
555976717,SMP,1,5.73,5.55,5.55,5.55,460.2,423.46,450.4,446.7,0
555978717,SMP,1,5.91,5.55,5.73,5.55,460.57,424.09,450.85,447.81,0
555980719,SMP,1,5.55,5.55,5.73,5.55,458.33,424.67,446.43,447.48,0
555982715,SMP,1,5.73,5.55,5.55,5.55,460.76,426.82,458.16,450.12,0
555984719,SMP,1,5.55,5.55,5.55,5.55,458.44,414.59,452.37,444.8,0
555986713,SMP,1,5.91,5.55,5.55,5.55,457.49,419.24,451.78,447.93,0
555988716,SMP,1,5.73,5.73,5.55,5.55,453.66,428.46,451.84,446.49,0
555990776,SMP,1,5.55,5.37,5.55,5.55,469.21,428.92,451.26,446.08,0
555992720,SMP,1,5.73,5.55,5.55,5.55,457.68,429.96,451.43,446.17,0
555994717,SMP,1,5.73,5.37,5.73,5.37,456.03,429.07,449.5,441.3,0
555996716,SMP,1,5.73,5.55,5.55,5.55,462.27,429.99,454.56,438.43,0
555998695,SMP,1,5.73,5.55,5.55,5.55,452.32,431.97,453.58,446.27,0
556000731,SMP,1,5.73,5.37,5.55,5.55,450.93,418.26,464.22,448.23,0
556002726,SMP,1,5.73,5.55,5.73,5.55,445.84,415.53,447.88,450.79,0
556004728,SMP,1,5.91,5.55,5.55,5.55,448.74,413.48,430.95,450.79,0
556006728,SMP,1,5.91,5.55,5.55,5.55,440.39,415.59,422.9,453.86,0
556008721,SMP,1,5.73,5.55,5.55,5.73,431.02,418.72,421.89,453.34,0
556010739,SMP,1,5.73,5.55,5.73,5.55,425.59,422.67,407.49,454.72,0
556012726,SMP,1,5.73,5.55,5.73,5.73,423.82,428.5,415.87,454.46,0
556014726,SMP,1,5.73,5.55,5.73,5.55,414.43,420.43,415.05,448.5,0
556016727,SMP,1,5.73,5.73,5.73,5.55,413.02,424.49,414.14,447.53,0
556018712,SMP,1,5.55,5.55,5.73,5.73,416.29,429.57,415.77,434.76,0
556020725,SMP,1,5.73,5.37,5.73,5.55,417.13,415.81,413.93,443.46,0
556022732,SMP,1,5.73,5.55,5.73,5.73,415.45,420.76,415.06,443.04,0
556024728,SMP,1,5.73,5.55,5.73,5.73,416.48,420.84,416.19,447.17,0
556026728,SMP,1,5.73,5.55,5.73,5.73,424.09,420.09,422.6,452.38,0
556028731,SMP,1,5.73,5.55,5.73,5.55,415.46,423.59,413.76,447.55,0
556030729,SMP,1,5.73,5.37,5.73,5.55,419.35,421.03,416.78,444.48,0
556032731,SMP,1,5.73,5.73,5.73,5.73,421.67,427.58,415.27,445.6,0
556034730,SMP,1,5.73,5.55,5.73,5.55,414.73,421.38,416.13,456.8,0
556036730,SMP,1,5.55,5.55,5.73,5.55,419.72,427.58,416.37,443.62,0
556038727,SMP,1,5.73,5.73,5.73,5.55,415.32,422.36,411.2,451.16,0
556040727,SMP,1,5.91,5.73,5.73,5.73,413.54,430.06,416.58,451.59,0
556042724,SMP,1,5.73,5.55,5.73,5.55,422.11,426.22,415.62,439.63,0
556044726,SMP,1,5.91,5.55,5.73,5.73,410.82,426.35,414.28,440.34,0
556046738,SMP,1,5.91,5.55,5.73,5.55,413.95,424.66,415.84,449.03,0
556048725,SMP,1,5.73,5.55,5.73,5.55,411.42,422.06,418.43,456.76,0
556050738,SMP,1,5.73,5.55,5.73,5.73,417.12,428.88,421.04,449.78,0
556052736,SMP,1,5.73,5.73,5.73,5.55,418.35,424.25,422.4,456.66,0
556054739,SMP,1,5.91,5.55,5.73,5.73,423.6,437.26,422.8,452.17,0
556056738,SMP,1,5.91,5.55,5.73,5.73,422.06,425.39,419.12,453.07,0
556058728,SMP,1,5.91,5.73,5.73,5.73,412.83,420.82,426.82,455.24,0
556060752,SMP,1,5.73,5.55,5.73,5.55,422.63,422.46,422.97,448.45,0
556062737,SMP,1,5.91,5.55,5.73,5.91,421.46,424.45,418.38,448.63,0
556064738,SMP,1,5.73,5.55,5.73,5.91,417.08,428.28,420.05,454.08,0
556066737,SMP,1,5.73,5.55,5.73,5.73,421.52,431.11,424.86,449.63,0
556068738,SMP,1,5.91,5.55,5.73,5.55,417.07,431.05,420.63,454.21,0
556070734,SMP,1,5.73,5.73,5.73,5.91,420.98,433.66,424.65,453.15,0
556072746,SMP,1,5.91,5.55,5.73,5.55,414.95,426.31,420.06,449.56,0
556074776,SMP,1,5.73,5.55,5.73,5.91,420.93,430.25,424.35,453.66,0
556076741,SMP,1,5.91,5.55,5.73,5.73,418.74,429.14,431.55,451.01,0
556078736,SMP,1,5.91,5.73,5.73,5.55,419.74,430.62,420.41,448.42,0
556080713,SMP,1,5.73,5.73,5.73,5.55,419.58,422.37,429.27,448.67,0
556082742,SMP,1,5.91,5.73,5.73,5.73,413.4,426.02,424.22,454.78,0
556084742,SMP,1,5.55,5.55,5.73,5.73,417.65,422.92,437.21,460.35,0
556086738,SMP,1,5.91,5.55,5.73,5.73,419.11,421.0,426.42,447.41,0
556088738,SMP,1,5.91,5.73,5.73,5.73,418.87,427.77,430.97,452.14,0
556090736,SMP,1,5.91,5.55,5.73,5.73,422.74,430.55,434.61,451.81,0
556092746,SMP,1,5.91,5.55,5.73,5.55,416.13,425.67,437.51,456.18,0
556094746,SMP,1,5.91,5.55,5.73,5.73,413.99,419.96,430.35,460.52,0
556096746,SMP,1,5.91,5.73,5.73,5.55,414.52,429.94,433.23,456.47,0
556098746,SMP,1,5.91,5.73,5.73,5.91,415.85,423.96,434.22,450.44,0
556100750,SMP,1,5.91,5.73,5.73,5.55,419.23,426.4,430.8,456.16,0
556102748,SMP,1,5.91,5.73,5.73,5.73,415.58,420.55,436.97,448.79,0
556104748,SMP,1,5.91,5.55,5.73,5.91,416.59,419.85,432.36,456.34,0
556106746,SMP,1,5.91,5.73,5.73,5.91,418.87,422.86,437.05,453.65,0
556108739,SMP,1,5.91,5.73,5.73,5.73,419.56,428.51,430.35,449.15,0
556110762,SMP,1,5.91,5.73,5.73,5.91,408.53,423.72,434.61,449.88,0
556112749,SMP,1,5.91,5.55,5.73,5.73,419.5,425.13,438.98,451.19,0
556114753,SMP,1,5.91,5.73,5.73,5.73,416.93,421.08,440.33,449.57,0
556116755,SMP,1,5.73,5.73,5.73,5.73,419.57,431.78,435.37,454.2,0
556118750,SMP,1,5.91,5.91,5.73,5.73,413.05,416.35,437.12,451.22,0
556120749,SMP,1,5.91,5.73,5.73,5.91,420.79,426.15,442.23,451.13,0
556122746,SMP,1,5.91,5.73,5.91,5.73,420.88,424.81,437.56,458.0,0
556124746,SMP,1,5.91,5.73,5.73,5.73,417.28,427.36,444.47,459.44,0
556126744,SMP,1,5.91,5.73,5.91,5.91,426.3,430.11,439.11,453.51,0
556128748,SMP,1,5.91,5.73,5.73,5.91,418.44,429.94,439.79,460.92,0
556130746,SMP,1,5.91,5.73,5.73,5.91,428.07,432.94,435.35,456.99,0
556132745,SMP,1,5.91,5.73,5.73,5.91,425.44,424.22,433.64,457.47,0
556134748,SMP,1,5.91,5.73,5.73,5.91,424.51,426.7,439.7,464.18,0
556136746,SMP,1,5.91,5.73,5.73,5.73,423.85,432.03,434.09,446.82,0
556138756,SMP,1,5.91,5.55,5.73,5.91,418.34,431.06,440.25,459.12,0
556140755,SMP,1,6.09,5.73,5.73,5.91,421.45,428.03,435.95,454.77,0
556142748,SMP,1,5.91,5.73,5.73,5.91,417.61,423.1,437.76,462.11,0
556144767,SMP,1,5.91,5.73,5.73,5.73,419.5,419.49,442.03,458.31,0
556146756,SMP,1,5.91,5.73,5.73,5.91,422.88,426.17,436.03,454.38,0
556148763,SMP,1,5.91,5.73,5.73,5.91,420.33,423.84,442.49,461.86,0
556150756,SMP,1,5.91,5.73,5.73,5.73,420.73,427.03,441.16,459.07,0
556152757,SMP,1,5.91,5.73,5.73,5.73,419.28,427.23,441.77,447.19,0
556154759,SMP,1,5.91,5.73,5.73,5.91,422.89,424.09,438.24,456.22,0
556156761,SMP,1,5.91,5.73,5.73,5.91,419.78,426.78,444.92,463.68,0
556158810,SMP,1,5.91,5.73,5.91,5.91,418.95,426.03,438.77,458.56,0
556160754,SMP,1,6.09,5.73,5.73,5.73,417.96,426.3,440.71,458.38,0
556162743,SMP,1,5.91,5.73,5.73,5.91,419.16,422.77,435.79,454.38,0
556164732,SMP,1,5.91,5.73,5.73,5.91,426.12,431.89,437.62,455.86,0
556166759,SMP,1,5.91,5.73,5.91,5.73,421.62,430.2,439.52,460.06,0
556168760,SMP,1,5.91,5.73,5.91,5.91,417.37,423.37,433.02,451.03,0
556170748,SMP,1,5.91,5.91,5.73,5.91,420.93,420.57,440.61,454.92,0
556172760,SMP,1,5.91,5.73,5.73,5.91,418.97,428.39,435.26,460.2,0
556174756,SMP,1,5.91,5.91,5.73,5.73,417.31,424.82,439.15,456.02,0
556176757,SMP,1,6.09,5.73,5.91,5.73,418.07,425.37,438.43,453.94,0
556178756,SMP,1,5.91,5.73,5.73,5.91,420.66,432.11,443.16,455.7,0
556180754,SMP,1,5.91,5.73,5.73,5.91,419.95,431.01,436.48,459.07,0
556182754,SMP,1,5.91,5.73,5.73,5.73,417.2,435.21,435.65,460.27,0
556184766,SMP,1,5.91,5.73,5.91,5.91,416.88,426.64,440.39,457.72,0
556186767,SMP,1,5.91,5.73,5.73,5.91,417.08,427.07,434.78,458.28,0
556188768,SMP,1,5.91,5.73,5.73,5.91,419.08,424.93,439.34,452.45,0
556190766,SMP,1,5.91,5.73,5.73,5.91,418.26,436.14,437.78,456.86,0
556192765,SMP,1,5.91,5.91,5.73,5.91,416.54,433.15,443.48,455.33,0
556194767,SMP,1,5.91,5.73,5.73,5.73,416.91,437.03,438.11,457.82,0
556196772,SMP,1,5.91,5.91,5.91,5.73,426.7,426.11,449.69,454.99,0
556198778,SMP,1,5.91,5.73,5.73,5.91,418.28,435.01,443.02,438.92,0
556200768,SMP,1,5.91,5.73,5.73,5.91,418.86,429.28,431.36,453.41,0
556202754,SMP,1,5.91,5.73,5.91,5.91,422.75,430.33,440.21,457.25,0
556204759,SMP,1,5.91,5.73,5.73,5.91,418.59,427.43,441.53,447.55,0
556206769,SMP,1,6.09,5.91,5.73,5.91,421.99,431.72,439.98,460.07,0
556208758,SMP,1,5.91,5.73,5.91,5.91,420.37,434.24,440.61,460.02,0
556210781,SMP,1,6.09,5.73,6.09,5.91,419.19,428.15,436.69,463.36,0
556212771,SMP,1,5.91,5.91,5.91,5.91,417.81,433.11,435.59,458.03,0
556214765,SMP,1,5.91,5.91,6.09,5.91,418.2,433.53,436.24,463.05,0
556216765,SMP,1,5.91,5.91,5.91,5.91,415.85,431.32,443.01,459.22,0
556218767,SMP,1,5.91,5.73,5.91,5.91,414.18,424.03,436.23,456.89,0
556220768,SMP,1,5.91,5.73,5.91,5.91,415.72,436.86,439.32,458.3,0
556222769,SMP,1,5.91,5.73,5.91,5.91,418.19,434.42,433.32,461.39,0
556224766,SMP,1,5.91,5.91,5.73,5.91,419.07,429.09,438.67,455.47,0
556226767,SMP,1,6.09,5.73,5.91,5.91,417.78,435.93,438.33,462.66,0
556228767,SMP,1,5.91,5.73,5.91,5.91,420.67,443.28,440.28,465.14,0
556230775,SMP,1,6.09,5.91,6.09,5.91,418.36,436.02,439.36,460.12,0
556232776,SMP,1,5.91,5.91,5.91,5.91,424.14,437.16,438.15,459.11,0
556234777,SMP,1,5.91,5.73,5.91,5.91,426.16,436.99,436.8,459.1,0
556236777,SMP,1,5.91,5.73,5.91,5.91,420.9,430.22,437.62,458.73,0
556238832,SMP,1,5.91,5.73,5.91,5.91,429.1,438.22,431.94,465.78,0
556240781,SMP,1,5.91,5.91,5.73,5.91,417.59,430.5,437.12,457.8,0
556242787,SMP,1,5.91,5.73,5.91,5.91,418.81,435.2,434.33,458.27,0
556244778,SMP,1,5.91,5.73,5.91,5.91,420.83,437.07,441.92,449.42,0
556246779,SMP,1,5.91,5.73,6.09,5.91,424.19,432.39,422.49,457.09,0
556248769,SMP,1,6.09,5.73,5.91,5.91,432.5,431.67,429.47,460.94,0
556250779,SMP,1,5.91,5.91,5.91,5.91,448.51,430.56,443.73,465.66,0
556252779,SMP,1,6.09,5.91,5.91,5.91,458.05,434.66,467.36,458.28,0
556254778,SMP,1,5.91,5.73,6.09,6.09,454.73,433.29,472.0,453.81,0
556256779,SMP,1,6.09,5.91,5.91,5.91,478.89,436.7,490.39,469.4,0
556258768,SMP,1,5.91,5.91,6.09,5.91,504.88,431.05,520.87,463.92,0
556260790,SMP,1,6.09,6.09,5.91,5.91,504.59,442.55,525.07,451.07,0
